Date,Name,Year,Letterboxd URI,Rating
2026-05-29,The Drama,2026,https://boxd.it/OA2w,3.5
2026-05-29,GOAT,2026,https://boxd.it/NvB0,3
2026-05-29,Chainsaw Man – The Movie: Reze Arc,2025,https://boxd.it/Kgyu,4
2026-05-29,Boyhood,2014,https://boxd.it/3178,3
2026-05-29,Jay Kelly,2025,https://boxd.it/EsWw,4
2026-05-29,No Other Choice,2025,https://boxd.it/nKiA,4
2026-05-29,Caught Stealing,2025,https://boxd.it/LnyS,3
2026-05-29,Weapons,2025,https://boxd.it/EMTM,3.5
2026-05-29,The Fantastic 4: First Steps,2025,https://boxd.it/mP6C,2
2026-05-29,Dhurandhar,2025,https://boxd.it/NhCI,3
2026-05-29,The History of Sound,2025,https://boxd.it/xFY2,2.5
2026-05-29,The Phoenician Scheme,2025,https://boxd.it/H0Ca,3.5
2026-05-29,The Secret Agent,2025,https://boxd.it/KkUE,4
2026-05-29,Die My Love,2025,https://boxd.it/D5cI,3
2026-05-29,Eddington,2025,https://boxd.it/o6MC,3
2026-05-29,A Minecraft Movie,2025,https://boxd.it/zRro,1.5
2026-05-29,Black Bag,2025,https://boxd.it/KRbM,3
2026-05-29,Opus,2025,https://boxd.it/JBMA,1.5
2026-05-29,Deadpool & Wolverine,2024,https://boxd.it/jq8s,3.5
2026-05-29,Kinds of Kindness,2024,https://boxd.it/CWPw,3.5
2026-05-29,A Different Man,2024,https://boxd.it/BoEC,4
2026-05-29,The Holdovers,2023,https://boxd.it/vHza,4
2026-05-29,Guardians of the Galaxy Vol. 3,2023,https://boxd.it/fVNI,2
2026-05-29,Ghosted,2023,https://boxd.it/wL1e,0.5
2026-05-29,The Menu,2022,https://boxd.it/lScm,3.5
2026-05-29,The Devil Wears Prada,2006,https://boxd.it/2awE,3.5
2026-05-29,Reprise,2006,https://boxd.it/1Sji,4
2026-05-29,"Oslo, August 31st",2011,https://boxd.it/2xQC,3.5
2026-05-29,Leningrad Cowboys Go America,1989,https://boxd.it/1TLs,2.5
2026-05-29,High Plains Drifter,1973,https://boxd.it/1SOK,2.5
2026-05-29,Primer,2004,https://boxd.it/6YA,3.5
2026-05-29,After Hours,1985,https://boxd.it/1VfS,3
2026-05-29,Crossroads,1928,https://boxd.it/5Kpg,2.5
2026-05-29,A Page of Madness,1926,https://boxd.it/3i2u,2
2026-05-29,There Will Be Blood,2007,https://boxd.it/20Z2,5
2026-05-29,House,1977,https://boxd.it/1vsm,3
2026-05-29,Being John Malkovich,1999,https://boxd.it/2ahu,4
2026-05-29,2001: A Space Odyssey,1968,https://boxd.it/2bf0,5
2026-05-29,La Haine,1995,https://boxd.it/2as8,5
2026-05-29,"Goodbye, Dragon Inn",2003,https://boxd.it/oFG,2.5
2026-05-29,Enemy,2013,https://boxd.it/5xtO,3
2026-05-29,Cure,1997,https://boxd.it/1blA,5
2026-05-29,Kizumonogatari Part 3: Reiketsu,2017,https://boxd.it/cq8y,4
2026-05-29,Flatliners,1990,https://boxd.it/28D4,2.5
2026-05-29,In the Mood for Love,2000,https://boxd.it/29tE,5
2026-05-29,On-Gaku: Our Sound,2019,https://boxd.it/ndze,4
2026-05-29,Inu-Oh,2021,https://boxd.it/nQDE,4.5
2026-05-29,Fallen Angels,1995,https://boxd.it/1UkW,5
2026-05-29,Manchester by the Sea,2016,https://boxd.it/b2L0,3.5
2026-05-29,Chungking Express,1994,https://boxd.it/1UDa,5
2026-05-29,Tale of Cinema,2005,https://boxd.it/31H6,3
2026-05-29,Coma,2019,https://boxd.it/ffbs,2.5
2026-05-29,Gate of Hell,1953,https://boxd.it/UHY,3
2026-05-29,The Matrix Reloaded,2003,https://boxd.it/2a1c,3
2026-05-29,The Darjeeling Limited,2007,https://boxd.it/24as,3
2026-05-29,Iron Man 2,2010,https://boxd.it/1WZM,2
2026-05-29,Portrait of a Lady on Fire,2019,https://boxd.it/jkPq,3.5
2026-05-29,Close-Up,1990,https://boxd.it/1m9q,4
2026-05-29,Anantaram,1987,https://boxd.it/8m3G,3
2026-05-31,The Ballad of Buster Scruggs,2018,https://boxd.it/jB2q,4
2026-05-31,Good Will Hunting,1997,https://boxd.it/2ahY,4
2026-05-31,Kingdom of Heaven,2005,https://boxd.it/28Gs,4
2026-05-31,Fallen Leaves,2023,https://boxd.it/Bgew,4
2026-05-31,Pather Panchali,1955,https://boxd.it/22yC,4
2026-05-31,Lost and Found,1996,https://boxd.it/3Vt0,4
2026-05-31,Nope,2022,https://boxd.it/sDCe,3.5
2026-05-31,F1,2025,https://boxd.it/yjVM,3.5
2026-05-31,Justice League,2017,https://boxd.it/4w68,1
2026-05-31,Wonder Woman 1984,2020,https://boxd.it/gBtA,0.5
2026-05-31,Batman v Superman: Dawn of Justice,2016,https://boxd.it/6fBW,1
2026-05-31,The Power of the Dog,2021,https://boxd.it/m99E,4
2026-06-01,Z,1969,https://boxd.it/26pY,5
2026-06-01,Parasite,2019,https://boxd.it/hTha,5
2026-06-01,Uncut Gems,2019,https://boxd.it/gXGc,5
2026-06-01,The Worst Person in the World,2021,https://boxd.it/oyws,5
2026-06-01,Phantom Thread,2017,https://boxd.it/e4uc,5
2026-06-01,Monster,2023,https://boxd.it/DJEM,5
2026-06-01,Lawrence of Arabia,1962,https://boxd.it/2wRE,5
2026-06-01,Mommy,2014,https://boxd.it/7Uau,5
2026-06-01,High and Low,1963,https://boxd.it/1RSc,5
2026-06-01,The Fall,2006,https://boxd.it/1NoM,5
2026-06-01,Fight Club,1999,https://boxd.it/2a9q,4.5
2026-06-01,The Grand Budapest Hotel,2014,https://boxd.it/3ZqO,4.5
2026-06-01,Scott Pilgrim vs. the World,2010,https://boxd.it/1Aq6,4.5
2026-06-01,Her,2013,https://boxd.it/4O24,4.5
2026-06-01,Bugonia,2025,https://boxd.it/qeWY,4
2026-06-01,Oldboy,2003,https://boxd.it/29R2,4.5
2026-06-01,Drive,2011,https://boxd.it/IG,4.5
2026-06-01,Anatomy of a Fall,2023,https://boxd.it/yuDE,4.5
2026-06-01,Trainspotting,1996,https://boxd.it/29XY,4.5
2026-06-01,Lost in Translation,2003,https://boxd.it/2b0E,4.5
2026-06-01,Memories of Murder,2003,https://boxd.it/1TSo,4.5
2026-06-01,Isle of Dogs,2018,https://boxd.it/dZrW,4.5
2026-06-01,Birdman or (The Unexpected Virtue of Ignorance),2014,https://boxd.it/5RFA,4.5
2026-06-01,The Handmaiden,2016,https://boxd.it/948A,4.5
2026-06-01,Perfect Days,2023,https://boxd.it/ATh8,4.5
2026-06-01,"Paris, Texas",1984,https://boxd.it/29Ts,4.5
2026-06-01,The Favourite,2018,https://boxd.it/d2hI,4.5
2026-06-01,Punch-Drunk Love,2002,https://boxd.it/20E4,4.5
2026-06-01,The Hunt,2012,https://boxd.it/3wEC,4.5
2026-06-01,Dr. Strangelove or: How I Learned to Stop Worrying and Love the Bomb,1964,https://boxd.it/29eY,4.5
2026-06-01,Another Round,2020,https://boxd.it/lkba,4.5
2026-06-01,The Master,2012,https://boxd.it/2cBG,4.5
2026-06-01,Drive My Car,2021,https://boxd.it/sv94,4.5
2026-06-01,Primal Fear,1996,https://boxd.it/28ws,4
2026-06-01,"Synecdoche, New York",2008,https://boxd.it/23zw,4.5
2026-06-01,Adaptation.,2002,https://boxd.it/26mA,4.5
2026-06-01,It Was Just an Accident,2025,https://boxd.it/TX2k,4.5
2026-06-01,All About Lily Chou-Chou,2001,https://boxd.it/1JP0,4.5
2026-06-01,Hiroshima Mon Amour,1959,https://boxd.it/22WY,4.5
2026-06-01,The Substance,2024,https://boxd.it/zanS,4
2026-06-01,Sinners,2025,https://boxd.it/KQMM,4
2026-06-01,Spider-Man: Into the Spider-Verse,2018,https://boxd.it/azpY,4
2026-06-01,Project Hail Mary,2026,https://boxd.it/pEeQ,4
2026-06-01,American Psycho,2000,https://boxd.it/28Vs,4
2026-06-01,The Batman,2022,https://boxd.it/eDGs,4
2026-06-01,Donnie Darko,2001,https://boxd.it/2b2A,4
2026-06-01,Baby Driver,2017,https://boxd.it/bhF2,4
2026-06-01,Beautiful Boy,2018,https://boxd.it/g76Q,4
2026-06-01,28 Years Later,2025,https://boxd.it/FEGM,4
2026-06-01,The Lobster,2015,https://boxd.it/7tnw,4
2026-06-01,TÁR,2022,https://boxd.it/uNIA,4
2026-06-01,Magnolia,1999,https://boxd.it/2aze,4
2026-06-01,Decision to Leave,2022,https://boxd.it/qp9e,4
2026-06-01,Tampopo,1985,https://boxd.it/1SZe,4
2026-06-01,Mishima: A Life in Four Chapters,1985,https://boxd.it/1sBA,3.5
2026-06-01,2046,2004,https://boxd.it/29tu,4
2026-06-01,Following,1998,https://boxd.it/1Tj4,4
2026-06-01,Left-Handed Girl,2025,https://boxd.it/BLDW,4
2026-06-01,A Moment of Innocence,1996,https://boxd.it/T6W,4
2026-06-01,Maborosi,1995,https://boxd.it/1G9U,4
2026-06-01,Riki-Oh: The Story of Ricky,1991,https://boxd.it/1IDs,4
2026-06-01,Dev.D,2009,https://boxd.it/1L5I,4
2026-06-01,Superman,2025,https://boxd.it/E9IU,3.5
2026-06-01,Mickey 17,2025,https://boxd.it/q1Dk,3.5
2026-06-01,We Live in Time,2024,https://boxd.it/FC5u,3.5
2026-06-01,A Complete Unknown,2024,https://boxd.it/oBYa,3.5
2026-06-01,The Brutalist,2024,https://boxd.it/k4BO,3.5
2026-06-01,BlacKkKlansman,2018,https://boxd.it/hxL8,3.5
2026-06-01,Train Dreams,2025,https://boxd.it/LdDo,3.5
2026-06-01,Bicycle Thieves,1948,https://boxd.it/23hW,3.5
2026-06-01,High Fidelity,2000,https://boxd.it/2aMW,3.5
2026-06-01,The Mastermind,2025,https://boxd.it/Q7ge,3.5
2026-06-01,Ne Zha 2,2025,https://boxd.it/B2qe,3.5
2026-06-01,Ichi the Killer,2001,https://boxd.it/1Y1O,3.5
2026-06-01,Where Is the Friend's House?,1987,https://boxd.it/ELg,3.5
2026-06-01,Ne Zha,2019,https://boxd.it/mKSm,3.5
2026-06-01,Suzhou River,2000,https://boxd.it/1Tsq,3.5
2026-06-01,Homebound,2025,https://boxd.it/KDDs,3.5
2026-06-01,Lokah Chapter 1: Chandra,2025,https://boxd.it/NelO,3.5
2026-06-01,The Man Without a Past,2002,https://boxd.it/212g,3.5
2026-06-01,Pickpocket,1997,https://boxd.it/zPi,3.5
2026-06-01,No Smoking,2007,https://boxd.it/1b5W,3.5
2026-06-01,First Love: The Litter on the Breeze,1997,https://boxd.it/6qOi,3.5
2026-06-01,Life in a Metro,2007,https://boxd.it/1DoW,3.5
2026-06-01,Anna Magdalena,1998,https://boxd.it/3VQe,3
2026-06-01,Nosferatu,2024,https://boxd.it/f5eG,3
2026-06-01,Taxi Driver,1976,https://boxd.it/2b8y,3
2026-06-01,Avatar: The Way of Water,2022,https://boxd.it/2E2E,3
2026-06-01,Avatar: Fire and Ash,2025,https://boxd.it/2W7s,3
2026-06-01,The Florida Project,2017,https://boxd.it/dMG0,3
2026-06-01,Frances Ha,2012,https://boxd.it/41Xg,3
2026-06-01,The Bride!,2026,https://boxd.it/HSw6,3
2026-06-01,The Sheep Detectives,2026,https://boxd.it/NDSe,3
2026-06-01,"Crouching Tiger, Hidden Dragon",2000,https://boxd.it/2b1M,3
2026-06-01,A Serious Man,2009,https://boxd.it/1RFW,3
2026-06-01,Through a Glass Darkly,1961,https://boxd.it/1TrW,3
2026-06-02,Pierrot le Fou,1965,https://boxd.it/26j2,3
2026-06-02,Yi Yi,2000,https://boxd.it/1vCw,4.5
2026-06-02,Dhurandhar The Revenge,2026,https://boxd.it/Z0Uu,3
2026-06-02,La Chimera,2023,https://boxd.it/vzVi,4
2026-06-02,Battle Royale,2000,https://boxd.it/25zS,3.5
2026-06-02,28 Years Later: The Bone Temple,2026,https://boxd.it/MwlA,4
2026-06-03,Whiplash,2014,https://boxd.it/7bQA,4.5
2026-06-03,Marty Supreme,2025,https://boxd.it/Off0,4.5
2026-06-03,One Battle After Another,2025,https://boxd.it/DUHM,4.5
2026-06-03,Hamnet,2025,https://boxd.it/woVy,4.5
2026-06-03,Aftersun,2022,https://boxd.it/Arw0,4.5
2026-06-03,Fantastic Mr. Fox,2009,https://boxd.it/1WyQ,5
2026-06-03,"It's Never Over, Jeff Buckley",2025,https://boxd.it/RSnI,4
2026-06-03,Notting Hill,1999,https://boxd.it/2aeK,4
2026-06-03,The Bad Guys 2,2025,https://boxd.it/IAI6,3
2026-06-03,Avatar,2009,https://boxd.it/1Efm,3
2026-06-03,Elvis,2022,https://boxd.it/mK4w,3
2026-06-03,The Fall Guy,2024,https://boxd.it/s0Bm,3
2026-06-03,Wonka,2023,https://boxd.it/tCQm,3
2026-06-03,Past Lives,2023,https://boxd.it/oNB8,3.5
2026-06-03,Artemis Fowl,2020,https://boxd.it/h3Vs,0.5
2026-06-03,The Girl with the Needle,2024,https://boxd.it/KQ3M,3.5
2026-06-03,Anora,2024,https://boxd.it/Egcw,3.5
2026-06-03,Joker,2019,https://boxd.it/h4cS,3.5
2026-06-03,Pulp Fiction,1994,https://boxd.it/29Pq,3.5
2026-06-03,Fantastic Four,2015,https://boxd.it/5a9c,1.5
2026-06-03,The Emoji Movie,2017,https://boxd.it/d9x4,1.5
2026-06-03,Hotel Transylvania: Transformania,2022,https://boxd.it/lwCC,2
2026-06-03,Red Notice,2021,https://boxd.it/ixtq,1
2026-06-03,The King's Man,2021,https://boxd.it/h714,2
2026-06-03,The Dictator,2012,https://boxd.it/2DEW,2
2026-06-03,The Lego Movie 2: The Second Part,2019,https://boxd.it/8BAU,3
2026-06-03,The Interview,2014,https://boxd.it/6KQ4,3.5
2026-06-03,The 40 Year Old Virgin,2005,https://boxd.it/21hK,3
2026-06-03,Lemony Snicket's A Series of Unfortunate Events,2004,https://boxd.it/1T7s,3.5
2026-06-03,The Bad Guys,2022,https://boxd.it/nkg4,3
2026-06-03,Pokémon Detective Pikachu,2019,https://boxd.it/fVA0,2
2026-06-03,Superbad,2007,https://boxd.it/20hO,2.5
2026-06-03,Enola Holmes,2020,https://boxd.it/hX2o,2.5
2026-06-03,The Hangover Part II,2011,https://boxd.it/PZI,2.5
2026-06-03,Extraction,2020,https://boxd.it/jUjA,2.5
2026-06-03,"I, Robot",2004,https://boxd.it/27y8,2.5
2026-06-03,Borat Subsequent Moviefilm: Delivery of Prodigious Bribe to American Regime for Make Benefit Once Glorious Nation of Kazakhstan,2020,https://boxd.it/rNS0,2.5
2026-06-03,"Sorry, Baby",2025,https://boxd.it/JKNi,4.5
2026-06-04,The Battle of Algiers,1966,https://boxd.it/1IRY,5
2026-06-04,All Quiet on the Western Front,2022,https://boxd.it/H08,3.5
2026-06-04,Good Time,2017,https://boxd.it/fcFu,4
2026-06-04,The Killing of a Sacred Deer,2017,https://boxd.it/dZ5G,4
2026-06-04,Irreversible,2002,https://boxd.it/29as,4
2026-06-04,Marriage Story,2019,https://boxd.it/hJAw,4
2026-06-04,Flow,2024,https://boxd.it/v1Ei,4
2026-06-04,Little Miss Sunshine,2006,https://boxd.it/29EW,4
2026-06-06,The Conformist,1970,https://boxd.it/20cE,4
2026-06-06,Spider-Man: Across the Spider-Verse,2023,https://boxd.it/kSz4,4.5
2026-06-06,Conclave,2024,https://boxd.it/AO8q,4
2026-06-06,Breathless,1960,https://boxd.it/2aIK,4
2026-06-06,Love Letter,1995,https://boxd.it/LMA,4
2026-06-06,18x2 Beyond Youthful Days,2024,https://boxd.it/J4Lk,3.5
2026-06-06,Man of Steel,2013,https://boxd.it/FRk,2
2026-06-06,Do the Right Thing,1989,https://boxd.it/29gA,3
2026-06-06,Sentimental Value,2025,https://boxd.it/GwcG,4.5
2026-06-07,The Hand of God,2021,https://boxd.it/r5uI,3.5
2026-06-07,Get Out,2017,https://boxd.it/eOCm,4.5
2026-06-07,The Wild Robot,2024,https://boxd.it/IWFy,3.5
2026-06-07,Inside Out 2,2024,https://boxd.it/CFrC,2.5
2026-06-07,Puss in Boots: The Last Wish,2022,https://boxd.it/aaie,3.5
2026-06-07,Black Adam,2022,https://boxd.it/fup0,1
2026-06-07,Sita Ramam,2022,https://boxd.it/xO2c,3.5
2026-06-07,Dahomey,2024,https://boxd.it/FFBI,3
2026-06-07,Longlegs,2024,https://boxd.it/KzLM,3
2026-06-07,Mission: Impossible – Dead Reckoning,2023,https://boxd.it/l7zS,3
2026-06-07,The Flash,2023,https://boxd.it/9twC,2
2026-06-07,Venom: Let There Be Carnage,2021,https://boxd.it/llco,1
2026-06-07,Shang-Chi and the Legend of the Ten Rings,2021,https://boxd.it/kLDI,3
2026-06-07,No Time to Die,2021,https://boxd.it/cPX2,3
2026-06-07,3 Idiots,2009,https://boxd.it/1Dsa,3.5
2026-06-07,The Lego Batman Movie,2017,https://boxd.it/azp0,3
2026-06-07,Pelli Choopulu,2016,https://boxd.it/dM0o,3.5
2026-06-07,Life of Brian,1979,https://boxd.it/2a4q,3.5
2026-06-07,Loki,2021,https://boxd.it/sbHg,3.5
2026-06-07,Minari,2020,https://boxd.it/mL9M,3.5
2026-06-07,The Whale,2022,https://boxd.it/tw4c,3.5
2026-06-07,The Big Short,2015,https://boxd.it/ajZw,3.5
2026-06-07,Midsommar,2019,https://boxd.it/jhxe,3
2026-06-07,Rogue One: A Star Wars Story,2016,https://boxd.it/aPvy,3
2026-06-07,Blade Runner 2049,2017,https://boxd.it/b8wK,3.5
2026-06-07,Ant-Man and the Wasp: Quantumania,2023,https://boxd.it/nL2y,1.5
2026-06-07,Mortal Kombat,2021,https://boxd.it/gswA,2
2026-06-07,Jungle Cruise,2021,https://boxd.it/g4YK,1.5
2026-06-07,Uncharted,2022,https://boxd.it/b5Dy,2
2026-06-07,Sonic the Hedgehog,2020,https://boxd.it/gdK8,2.5
2026-06-07,Fifty Shades of Grey,2015,https://boxd.it/6qLo,1
2026-06-07,Star Wars: The Rise of Skywalker,2019,https://boxd.it/5xlK,1.5
2026-06-07,Thor: The Dark World,2013,https://boxd.it/2DqA,1.5
2026-06-07,Bright,2017,https://boxd.it/e1H8,1
2026-06-07,6 Underground,2019,https://boxd.it/irU6,2
2026-06-07,Wonder Woman,2017,https://boxd.it/9roG,1.5
2026-06-07,The Adventures of Tintin,2011,https://boxd.it/1Irc,3.5
2026-06-07,Zootopia,2016,https://boxd.it/84xS,3
2026-06-07,(500) Days of Summer,2009,https://boxd.it/1EmM,3.5
2026-06-07,Borat: Cultural Learnings of America for Make Benefit Glorious Nation of Kazakhstan,2006,https://boxd.it/2agQ,2
2026-06-07,School of Rock,2003,https://boxd.it/28xK,3
2026-06-07,Joker: Folie à Deux,2024,https://boxd.it/xBoE,2.5
2026-06-07,The Super Mario Bros. Movie,2023,https://boxd.it/i8C8,2.5
2026-06-07,Materialists,2025,https://boxd.it/GZlW,2.5
2026-06-07,Extraction 2,2023,https://boxd.it/q4Zo,2.5
2026-06-07,Star Wars: The Force Awakens,2015,https://boxd.it/4vru,2.5
2026-06-07,Sisu,2022,https://boxd.it/vHpu,3
2026-06-07,Puss in Boots,2011,https://boxd.it/eL34,2.5
2026-06-07,Enola Holmes 2,2022,https://boxd.it/vfDe,2.5
2026-06-07,Zack Snyder's Justice League,2021,https://boxd.it/tLOk,2.5
2026-06-07,Tenet,2020,https://boxd.it/leq4,3.5
2026-06-07,The Hangover,2009,https://boxd.it/1GjK,3
2026-06-07,Black Phone 2,2025,https://boxd.it/JpbW,2
2026-06-07,Dacoit,2026,https://boxd.it/KkQW,0.5
2026-06-07,A House of Dynamite,2025,https://boxd.it/NcXc,3
2026-06-07,Band of Outsiders,1964,https://boxd.it/20Aw,2.5
2026-06-08,8½,1963,https://boxd.it/2aqm,5
2026-06-17,Backrooms,2026,https://boxd.it/EY6W,3
