Date,Name,Year,Letterboxd URI
2023-08-21,A Brighter Summer Day,1991,https://boxd.it/1Luy
2023-08-21,Harakiri,1962,https://boxd.it/1NTU
2023-08-21,When They See Us,2019,https://boxd.it/kbJU
2023-08-21,Dekalog,1989,https://boxd.it/bv4u
2023-08-21,Barbie,2023,https://boxd.it/bCLK
2023-08-21,Asteroid City,2023,https://boxd.it/s3ds
2023-08-21,The Fabelmans,2022,https://boxd.it/ugoM
2023-08-21,"tick, tick... BOOM!",2021,https://boxd.it/jz2e
2023-08-21,The Idiots,1998,https://boxd.it/2amu
2023-08-21,True Romance,1993,https://boxd.it/2aBa
2023-08-21,The Hustler,1961,https://boxd.it/298G
2023-08-21,The Big Heat,1953,https://boxd.it/1NNM
2023-08-21,The Invisible Man,1933,https://boxd.it/1VoK
2023-08-21,The Elephant Man,1980,https://boxd.it/27LQ
2023-08-21,The Perks of Being a Wallflower,2012,https://boxd.it/2ZA8
2023-08-21,Call Me by Your Name,2017,https://boxd.it/dYmm
2023-08-21,The Shining,1980,https://boxd.it/29Nu
2023-08-21,Alien,1979,https://boxd.it/2awY
2023-08-21,The Big Lebowski,1998,https://boxd.it/2b6C
2023-08-21,Nightcrawler,2014,https://boxd.it/780m
2023-08-21,The Texas Chain Saw Massacre,1974,https://boxd.it/1lcS
2023-08-21,Sound of Metal,2019,https://boxd.it/i7Q4
2023-08-22,The Intouchables,2011,https://boxd.it/2FT0
2023-08-22,May December,2023,https://boxd.it/vEE2
2023-08-22,Late Night with the Devil,2023,https://boxd.it/zo6G
2023-08-22,Robot Dreams,2023,https://boxd.it/vBZm
2023-08-22,The Prestige,2006,https://boxd.it/293w
2023-08-23,Fargo,1996,https://boxd.it/2aHM
2023-08-25,Eraserhead,1977,https://boxd.it/299u
2023-08-27,"The French Dispatch of the Liberty, Kansas Evening Sun",2021,https://boxd.it/jLP8
2023-08-27,No Country for Old Men,2007,https://boxd.it/21ew
2023-08-27,Constantine,2005,https://boxd.it/2a7E
2023-09-07,Arrival,2016,https://boxd.it/aNGk
2023-09-11,The Batman: Part II,2027,https://boxd.it/umDy
2023-09-17,Rear Window,1954,https://boxd.it/2a6Q
2023-09-17,The Northman,2022,https://boxd.it/nK2s
2023-09-17,Nomadland,2020,https://boxd.it/lnRy
2023-12-19,Requiem for a Dream,2000,https://boxd.it/29VI
2023-12-19,The Virgin Suicides,1999,https://boxd.it/28JG
2023-12-21,12 Angry Men,1957,https://boxd.it/2auI
2023-12-21,Ikiru,1952,https://boxd.it/251c
2023-12-21,"The Good, the Bad and the Ugly",1966,https://boxd.it/2ape
2023-12-25,Possession,1981,https://boxd.it/1BPm
2023-12-25,Cha Cha Real Smooth,2022,https://boxd.it/uF8E
2023-12-25,It's Such a Beautiful Day,2012,https://boxd.it/hCY2
2023-12-25,A Trip to the Moon,1902,https://boxd.it/29EC
2024-09-06,Beetlejuice,1988,https://boxd.it/24QI
2024-09-06,Alien: Romulus,2024,https://boxd.it/zGqO
2024-09-06,Trap,2024,https://boxd.it/D4nK
2024-09-30,The King of Comedy,1982,https://boxd.it/2aJS
2024-10-31,The Notebook,2004,https://boxd.it/1UNE
2024-11-05,Bridget Jones's Diary,2001,https://boxd.it/29WQ
2024-11-05,Manhattan,1979,https://boxd.it/29Na
2025-03-10,Ravens,2024,https://boxd.it/PDj8
2025-06-18,Burning,2018,https://boxd.it/hHUa
2025-06-21,Shame,1968,https://boxd.it/1tZo
2025-06-28,Psycho,1960,https://boxd.it/2ab2
2025-07-01,Gravity,2013,https://boxd.it/GZY
2025-07-01,Minority Report,2002,https://boxd.it/2aWi
2025-07-01,Michael Clayton,2007,https://boxd.it/2466
2025-07-01,Carol,2015,https://boxd.it/7DPK
2025-07-01,Under the Skin,2013,https://boxd.it/3mDa
2025-07-01,The Hurt Locker,2008,https://boxd.it/1Soi
2025-07-01,Gone Girl,2014,https://boxd.it/6hQu
2025-07-01,Memento,2000,https://boxd.it/2bcK
2025-07-01,12 Years a Slave,2013,https://boxd.it/2D2e
2025-07-01,Before Sunset,2004,https://boxd.it/2bcg
2025-07-01,Moneyball,2011,https://boxd.it/glS
2025-07-01,Resurrection,2025,https://boxd.it/x9DG
2025-07-01,"Right Now, Wrong Then",2015,https://boxd.it/bWs4
2025-07-01,Three Colours: Red,1994,https://boxd.it/2b7q
2025-07-01,Amélie,2001,https://boxd.it/2aUc
2025-07-01,Matthias & Maxime,2019,https://boxd.it/iOQ2
2025-07-01,The Departed,2006,https://boxd.it/28MA
2025-07-01,The Royal Tenenbaums,2001,https://boxd.it/1YHU
2025-07-01,Y Tu Mamá También,2001,https://boxd.it/28QM
2025-07-01,Children of Men,2006,https://boxd.it/1Y2i
2025-07-01,Moonlight,2016,https://boxd.it/d6bE
2025-07-01,Mulholland Drive,2001,https://boxd.it/297o
2025-07-01,The Lighthouse,2019,https://boxd.it/icFU
2025-07-01,You Were Never Really Here,2017,https://boxd.it/dWOS
2025-07-01,Blue Spring,2001,https://boxd.it/1fIo
2025-07-01,Mirrored Mind,2005,https://boxd.it/2MxK
2025-07-01,HIM,2025,https://boxd.it/BfYI
2025-07-02,Come and See,1985,https://boxd.it/1w9q
2025-07-02,Onibaba,1964,https://boxd.it/252a
2025-07-02,Pale Flower,1964,https://boxd.it/dGS
2025-07-02,Shoplifters,2018,https://boxd.it/ifY6
2025-07-02,Departures,2008,https://boxd.it/1JFa
2025-07-02,Tokyo Story,1953,https://boxd.it/1HuY
2025-07-02,Paranoid Park,2007,https://boxd.it/27GQ
2025-07-02,The Limits of Control,2009,https://boxd.it/20po
2025-07-02,Happy Together,1997,https://boxd.it/1Ha0
2025-07-02,Millennium Mambo,2001,https://boxd.it/1Tzw
2025-07-02,Knight of Cups,2015,https://boxd.it/34Qq
2025-07-02,Away with Words,1999,https://boxd.it/1xJ0
2025-07-02,Last Life in the Universe,2003,https://boxd.it/1Tri
2025-07-02,Oasis,2002,https://boxd.it/1sO0
2025-07-02,Tropical Malady,2004,https://boxd.it/1TCA
2025-07-02,Summer Palace,2006,https://boxd.it/1IHk
2025-07-02,Manthan,1976,https://boxd.it/78p2
2025-07-02,A Real Pain,2024,https://boxd.it/CjNG
2025-07-02,Twisters,2024,https://boxd.it/qV7a
2025-07-02,Look Back,2024,https://boxd.it/LjA6
2025-07-02,Nickel Boys,2024,https://boxd.it/CStQ
2025-07-02,The Pianist,2002,https://boxd.it/2aqc
2025-07-02,The Human Condition III: A Soldier's Prayer,1961,https://boxd.it/1dIQ
2025-07-02,City of God,2002,https://boxd.it/2a2a
2025-07-02,The Human Condition I: No Greater Love,1959,https://boxd.it/1jAy
2025-07-02,The Wizard of Oz,1939,https://boxd.it/29Xu
2025-07-02,The Social Network,2010,https://boxd.it/17ue
2025-07-02,Brokeback Mountain,2005,https://boxd.it/2b2q
2025-07-02,After the Hunt,2025,https://boxd.it/Mdra
2025-07-02,The Odyssey,2026,https://boxd.it/QFQU
2025-07-02,Asako I & II,2018,https://boxd.it/hyNk
2025-07-02,Mind Game,2004,https://boxd.it/1Bv2
2025-07-02,Speed Racer,2008,https://boxd.it/20UQ
2025-07-02,Belladonna of Sadness,1973,https://boxd.it/2q
2025-07-02,Hero,2002,https://boxd.it/2bcq
2025-07-02,Suicide Club,2001,https://boxd.it/1RkY
2025-07-02,Autumn Sonata,1978,https://boxd.it/1Rio
2025-07-02,Persona,1966,https://boxd.it/29B4
2025-07-02,The Seventh Seal,1957,https://boxd.it/2ahO
2025-07-02,Ran,1985,https://boxd.it/1Tlu
2025-07-02,Citizen Kane,1941,https://boxd.it/71O
2025-07-03,Beau Travail,1999,https://boxd.it/1NI8
2025-07-03,The Apartment,1960,https://boxd.it/2aGE
2025-07-03,Casablanca,1942,https://boxd.it/2aG0
2025-07-03,American History X,1998,https://boxd.it/2bdo
2025-07-03,Nosferatu,1922,https://boxd.it/29TM
2025-07-03,Vampyr,1932,https://boxd.it/29DY
2025-07-03,The Passion of Joan of Arc,1928,https://boxd.it/29DO
2025-07-03,Mysterious Skin,2004,https://boxd.it/1UsG
2025-07-03,Bringing Out the Dead,1999,https://boxd.it/1ZZK
2025-07-03,Detachment,2011,https://boxd.it/2BiY
2025-07-03,Nobody Knows,2004,https://boxd.it/26E0
2025-07-03,On the Beach at Night Alone,2017,https://boxd.it/fqEK
2025-07-03,The Tokyo Night Sky Is Always the Densest Shade of Blue,2017,https://boxd.it/fzny
2025-07-03,The Tree of Life,2011,https://boxd.it/1Zu8
2025-07-03,The Tale of The Princess Kaguya,2013,https://boxd.it/4JQI
2025-07-05,Normal People,2020,https://boxd.it/q2VY
2025-07-05,Chernobyl,2019,https://boxd.it/mkbG
2025-07-06,Sicario,2015,https://boxd.it/8i7u
2025-07-07,28 Days Later,2002,https://boxd.it/2aXU
2025-07-07,Springsteen: Deliver Me from Nowhere,2025,https://boxd.it/KJG8
2025-07-07,Suspiria,2018,https://boxd.it/cioI
2025-07-07,Bones and All,2022,https://boxd.it/tLd4
2025-07-08,Uncle Boonmee Who Can Recall His Past Lives,2010,https://boxd.it/168Q
2025-07-08,After Life,1998,https://boxd.it/1HMI
2025-07-09,Rush,2013,https://boxd.it/3lyS
2025-07-09,The Life Aquatic with Steve Zissou,2004,https://boxd.it/2aqw
2025-07-09,The Thing,1982,https://boxd.it/294O
2025-07-09,When Harry Met Sally...,1989,https://boxd.it/29W2
2025-07-10,Flatliners,2017,https://boxd.it/e4CK
2025-07-11,Funeral Parade of Roses,1969,https://boxd.it/28Cg
2025-07-11,La Dolce Vita,1960,https://boxd.it/2anC
2025-07-11,Forget Me Not,2015,https://boxd.it/b0Uk
2025-07-12,Midnight in Paris,2011,https://boxd.it/i4a
2025-07-12,Prisoners,2013,https://boxd.it/4E5i
2025-07-12,Speed,1994,https://boxd.it/28qk
2025-07-12,Jaws,1975,https://boxd.it/2a5e
2025-07-12,Barry Lyndon,1975,https://boxd.it/25A2
2025-07-14,Heat,1995,https://boxd.it/2bg8
2025-07-14,The Captive,2000,https://boxd.it/Lcs
2025-07-14,Amores Perros,2000,https://boxd.it/2bfu
2025-07-14,Senna,2010,https://boxd.it/kfE
2025-07-26,Sexy Beast,2000,https://boxd.it/1SZS
2025-07-31,The Holy Mountain,1973,https://boxd.it/20mu
2025-08-04,Lost Highway,1997,https://boxd.it/29Wc
2025-08-04,Dune,1984,https://boxd.it/29tY
2025-08-04,Blue Velvet,1986,https://boxd.it/29BI
2025-08-05,Friday Night,2002,https://boxd.it/QtS
2025-08-05,"Police, Adjective",2009,https://boxd.it/1h38
2025-08-05,Wajib,2017,https://boxd.it/gJDe
2025-08-05,Driveways,2019,https://boxd.it/kRBy
2025-08-05,Bram Stoker's Dracula,1992,https://boxd.it/223a
2025-08-05,Naked Lunch,1991,https://boxd.it/26ow
2025-08-05,The Tragedy of Macbeth,2021,https://boxd.it/lMi4
2025-08-05,Late Spring,1949,https://boxd.it/1DkK
2025-08-05,Another Country,1984,https://boxd.it/1i4w
2025-08-05,Farewell My Concubine,1993,https://boxd.it/1UTM
2025-08-05,Pulse,2001,https://boxd.it/1s3y
2025-08-05,The Chronology of Water,2025,https://boxd.it/j3pq
2025-08-05,Dangerous Animals,2025,https://boxd.it/N3Qc
2025-08-05,Pillion,2025,https://boxd.it/N6Pw
2025-08-05,Sound of Falling,2025,https://boxd.it/Km9K
2025-08-05,Full Metal Jacket,1987,https://boxd.it/2a1Q
2025-08-06,War of the Worlds,2025,https://boxd.it/so0a
2025-08-08,Dog Star Man,1965,https://boxd.it/eQCS
2025-08-08,The Act of Seeing with One's Own Eyes,1972,https://boxd.it/48LQ
2025-08-08,Mothlight,1963,https://boxd.it/3mQe
2025-08-08,Audition,1999,https://boxd.it/1UHm
2025-08-08,Ring,1998,https://boxd.it/26tw
2025-08-08,Tetsuo: The Iron Man,1989,https://boxd.it/ZoM
2025-08-08,Shin Godzilla,2016,https://boxd.it/a9lm
2025-08-08,10 Things I Hate About You,1999,https://boxd.it/23AO
2025-08-08,Groundhog Day,1993,https://boxd.it/2b3e
2025-08-08,Blade Runner,1982,https://boxd.it/2bcA
2025-08-08,A Clockwork Orange,1971,https://boxd.it/2aVE
2025-08-10,Eyes Wide Shut,1999,https://boxd.it/2axs
2025-08-12,Shirkers,2018,https://boxd.it/hDOs
2025-08-12,It has to be lived once and dreamed twice,2019,https://boxd.it/loGQ
2025-08-12,Nyctophobia,2018,https://boxd.it/iHe6
2025-08-12,First Reformed,2017,https://boxd.it/go9C
2025-08-13,Barbarian,2022,https://boxd.it/yohi
2025-08-13,Vive L'Amour,1994,https://boxd.it/2wsa
2025-08-13,Days,2020,https://boxd.it/oEE8
2025-08-13,Je Tu Il Elle,1974,https://boxd.it/3gWK
2025-08-13,Dusty Stacks of Mom: The Poster Project,2013,https://boxd.it/5P2G
2025-08-13,Tell Me,1980,https://boxd.it/dnmk
2025-08-17,Lilya 4-ever,2002,https://boxd.it/1SyW
2025-08-17,Orpheus,1950,https://boxd.it/247o
2025-08-17,Last Year at Marienbad,1961,https://boxd.it/24Qe
2025-08-17,Boogie Nights,1997,https://boxd.it/23um
2025-08-17,Licorice Pizza,2021,https://boxd.it/qTKY
2025-08-18,Suspiria,1977,https://boxd.it/1SNW
2025-08-18,In Bruges,2008,https://boxd.it/20n8
2025-08-18,The Iron Giant,1999,https://boxd.it/1Wow
2025-08-18,Fruitvale Station,2013,https://boxd.it/4VRy
2025-08-18,"sex, lies, and videotape",1989,https://boxd.it/28Oc
2025-08-18,Before Sunrise,1995,https://boxd.it/2bcU
2025-08-18,Vivre Sa Vie,1962,https://boxd.it/28s6
2025-08-18,Ritual,2000,https://boxd.it/14z6
2025-08-18,Titane,2021,https://boxd.it/nlQC
2025-08-18,Persepolis,2007,https://boxd.it/27DC
2025-08-18,Cléo from 5 to 7,1962,https://boxd.it/2agm
2025-08-18,Taipei Story,1985,https://boxd.it/3BkC
2025-08-18,A Short Film About Love,1988,https://boxd.it/1jXC
2025-08-18,Wild Strawberries,1957,https://boxd.it/29ZU
2025-08-18,Winter Light,1963,https://boxd.it/1nrU
2025-08-18,The Witch,2015,https://boxd.it/9X0m
2025-08-18,A.I. Artificial Intelligence,2001,https://boxd.it/29Ve
2025-08-18,Talk to Me,2022,https://boxd.it/C6uQ
2025-08-18,Together,2025,https://boxd.it/LdFE
2025-08-18,Pearl,2022,https://boxd.it/zPbe
2025-08-18,X,2022,https://boxd.it/sxVa
2025-08-18,Highest 2 Lowest,2025,https://boxd.it/LcIC
2025-08-18,Stop Making Sense,1984,https://boxd.it/1ygo
2025-08-18,Pi,1998,https://boxd.it/2ajq
2025-08-18,Moving,1993,https://boxd.it/3RcO
2025-08-19,"Fireworks, Should We See It from the Side or the Bottom?",1993,https://boxd.it/3Gyk
2025-08-19,Tokyo Fist,1995,https://boxd.it/Z2m
2025-08-19,Anima,2019,https://boxd.it/mxuc
2025-08-22,A Man,2022,https://boxd.it/wOeU
2025-08-22,After the Storm,2016,https://boxd.it/d0HY
2025-08-22,Why Don't You Play in Hell?,2013,https://boxd.it/4lnC
2025-08-22,Helter Skelter,2012,https://boxd.it/3ybW
2025-08-22,No Other Land,2024,https://boxd.it/KOTG
2025-08-22,Koyaanisqatsi,1982,https://boxd.it/1U9E
2025-08-22,The Color of Pomegranates,1969,https://boxd.it/1u94
2025-08-22,Frankenstein,1931,https://boxd.it/25Te
2025-08-22,The Blair Witch Project,1999,https://boxd.it/26ua
2025-08-22,World of Tomorrow Episode Three: The Absent Destinations of David Prime,2020,https://boxd.it/rmsk
2025-08-22,The Signs,2006,https://boxd.it/4c0u
2025-08-22,Sink or Swim,1990,https://boxd.it/44PE
2025-08-22,The Fisher King,1991,https://boxd.it/2aWM
2025-08-22,My Dinner with Andre,1981,https://boxd.it/1vLe
2025-08-22,The Discreet Charm of the Bourgeoisie,1972,https://boxd.it/2440
2025-08-22,The Housemaid,1960,https://boxd.it/WJs
2025-08-22,Upstream Color,2013,https://boxd.it/4Cwc
2025-08-22,Antiporno,2016,https://boxd.it/eDjy
2025-08-22,Elephant,2003,https://boxd.it/287i
2025-08-22,AGGRO DR1FT,2023,https://boxd.it/HJrw
2025-08-22,Tangerine,2015,https://boxd.it/9QRe
2025-08-22,Wiener-Dog,2016,https://boxd.it/aD3M
2025-08-22,Kids,1995,https://boxd.it/1YUY
2025-08-22,The Usual Suspects,1995,https://boxd.it/29XE
2025-08-23,Anemone,2025,https://boxd.it/QxVi
2025-08-23,Werwulf,2026,https://boxd.it/SC72
2025-08-23,Linda Linda Linda,2005,https://boxd.it/1s1C
2025-08-23,Cloud,2024,https://boxd.it/LhR0
2025-08-23,Tokyo Sonata,2008,https://boxd.it/1ZxQ
2025-08-24,Mississippi Masala,1991,https://boxd.it/Ywg
2025-08-24,I Want Your Sex,2026,https://boxd.it/N8by
2025-08-24,Better Days,2019,https://boxd.it/l9Ke
2025-08-24,Long Day's Journey Into Night,2018,https://boxd.it/hw1I
2025-08-24,Kaili Blues,2015,https://boxd.it/cksW
2025-08-24,Enter the Void,2009,https://boxd.it/1dy2
2025-08-24,The Breakfast Club,1985,https://boxd.it/27q4
2025-08-24,Million Dollar Baby,2004,https://boxd.it/2bdI
2025-08-24,The Piano Teacher,2001,https://boxd.it/2886
2025-08-25,I'm Thinking of Ending Things,2020,https://boxd.it/i4IQ
2025-08-25,An Elephant Sitting Still,2018,https://boxd.it/i1EQ
2025-08-25,"Jeanne Dielman, 23, quai du Commerce, 1080 Bruxelles",1975,https://boxd.it/T18
2025-08-25,Taste of Cherry,1997,https://boxd.it/1m8W
2025-08-26,Honey Don't!,2025,https://boxd.it/Hurc
2025-08-27,About Time,2013,https://boxd.it/43bI
2025-08-27,Wings of Desire,1987,https://boxd.it/2b26
2025-08-27,Gummo,1997,https://boxd.it/1H0Y
2025-08-27,Ordet,1955,https://boxd.it/Jiy
2025-08-28,Beau Is Afraid,2023,https://boxd.it/u2gE
2025-08-31,Midnight Cowboy,1969,https://boxd.it/25Hi
2025-08-31,French Cancan,1955,https://boxd.it/Q4y
2025-08-31,Shanghai Express,1932,https://boxd.it/29ou
2025-08-31,Black Narcissus,1947,https://boxd.it/1Kce
2025-08-31,The Thief of Bagdad,1940,https://boxd.it/1Sei
2025-08-31,www.RachelOrmont.com,2024,https://boxd.it/C6V8
2025-08-31,The Last Angel of History,1996,https://boxd.it/7Afa
2025-08-31,Gaslight,1944,https://boxd.it/1PYs
2025-08-31,All My Friends Are Leaving Brisbane,2007,https://boxd.it/1LH8
2025-08-31,Woman in the Dunes,1964,https://boxd.it/1JNS
2025-08-31,Shoah,1985,https://boxd.it/XSK
2025-08-31,A Screaming Man,2010,https://boxd.it/mkc
2025-08-31,Blow Out,1981,https://boxd.it/1TlE
2025-08-31,City Lights,1931,https://boxd.it/29ki
2025-08-31,No Sex Last Night,1996,https://boxd.it/SiC
2025-08-31,The Kiosk,2020,https://boxd.it/qKpi
2025-08-31,Water Lilies,2007,https://boxd.it/1VjK
2025-08-31,No Hard Feelings,2020,https://boxd.it/n4au
2025-08-31,Salaam Cinema,1995,https://boxd.it/T68
2025-08-31,78 Days,2024,https://boxd.it/KhXA
2025-08-31,The Parallax View,1974,https://boxd.it/1ILG
2025-08-31,The United States of America,1975,https://boxd.it/des4
2025-08-31,Brewster McCloud,1970,https://boxd.it/1tIi
2025-08-31,Innocence,2004,https://boxd.it/1f8A
2025-08-31,"Black God, White Devil",1964,https://boxd.it/2fmY
2025-08-31,The Lorry,1977,https://boxd.it/5bM
2025-08-31,El Sur,1983,https://boxd.it/JbM
2025-08-31,"Life, and Nothing More…",1992,https://boxd.it/2WEc
2025-08-31,The Gleaners and I,2000,https://boxd.it/S6c
2025-08-31,The Needle,1988,https://boxd.it/1CQ6
2025-08-31,Kontroll,2003,https://boxd.it/23dK
2025-08-31,Watching the Detectives,2007,https://boxd.it/1B3i
2025-08-31,Mrs. Doubtfire,1993,https://boxd.it/29Cw
2025-08-31,The Philadelphia Story,1940,https://boxd.it/29a8
2025-08-31,Force Majeure,2014,https://boxd.it/7UcA
2025-08-31,Dog Day Afternoon,1975,https://boxd.it/29bg
2025-08-31,The Birdcage,1996,https://boxd.it/1UTi
2025-08-31,Good Fortune,2025,https://boxd.it/GavG
2025-08-31,Metropolitan,1990,https://boxd.it/1Mku
2025-08-31,A Woman Under the Influence,1974,https://boxd.it/1myg
2025-08-31,The Great Beauty,2013,https://boxd.it/5ty6
2025-08-31,My Life as a Dog,1985,https://boxd.it/1ZOM
2025-08-31,Clueless,1995,https://boxd.it/1Ygk
2025-08-31,The Last Temptation of Christ,1988,https://boxd.it/1ULe
2025-08-31,Goldfinger,1964,https://boxd.it/29SY
2025-08-31,Babylon,1980,https://boxd.it/nyk
2025-08-31,Murina,2021,https://boxd.it/vBV0
2025-08-31,I ♥ Huckabees,2004,https://boxd.it/28vk
2025-08-31,The Vanishing,1988,https://boxd.it/1ZTW
2025-08-31,Host,2020,https://boxd.it/r5O4
2025-08-31,Wild at Heart,1990,https://boxd.it/2aii
2025-08-31,The Working Class Goes to Heaven,1971,https://boxd.it/pCe
2025-08-31,The Lost Weekend,1945,https://boxd.it/1pgE
2025-08-31,The Piano,1993,https://boxd.it/29Kq
2025-08-31,The Wages of Fear,1953,https://boxd.it/2aSK
2025-08-31,The Umbrellas of Cherbourg,1964,https://boxd.it/22fK
2025-08-31,"I, Daniel Blake",2016,https://boxd.it/d0xa
2025-08-31,Viridiana,1961,https://boxd.it/24eE
2025-08-31,Othello,1951,https://boxd.it/K5A
2025-08-31,The Cranes Are Flying,1957,https://boxd.it/169Y
2025-08-31,Kagemusha,1980,https://boxd.it/1SGG
2025-08-31,Secrets & Lies,1996,https://boxd.it/1UuC
2025-08-31,Blow-Up,1966,https://boxd.it/2966
2025-08-31,All That Jazz,1979,https://boxd.it/1JB8
2025-08-31,Apocalypse Now,1979,https://boxd.it/6ZS
2025-08-31,Underground,1995,https://boxd.it/1SOA
2025-08-31,Drumline,2002,https://boxd.it/1Q2Y
2025-08-31,The Brothers Bloom,2008,https://boxd.it/1Bqm
2025-09-01,Incoherence,1994,https://boxd.it/2fSK
2025-09-01,Ashes,2012,https://boxd.it/3MT4
2025-09-01,World of Glory,1991,https://boxd.it/Sss
2025-09-03,One Million Yen Girl,2008,https://boxd.it/2h5K
2025-09-03,High Life,2018,https://boxd.it/d6bk
2025-09-03,Red Desert,1964,https://boxd.it/1ttW
2025-09-03,L'Avventura,1960,https://boxd.it/23hs
2025-09-04,Manic,2001,https://boxd.it/1MOE
2025-09-04,Waves,2019,https://boxd.it/jpmy
2025-09-04,Why Has Bodhi-Dharma Left for the East?,1989,https://boxd.it/aQg
2025-09-04,Flowers of Shanghai,1998,https://boxd.it/Omq
2025-09-04,Certified Copy,2010,https://boxd.it/IMW
2025-09-04,Through the Olive Trees,1994,https://boxd.it/Lx6
2025-09-04,The Wind Will Carry Us,1999,https://boxd.it/Uwc
2025-09-04,April Story,1998,https://boxd.it/2n9o
2025-09-04,Inside Llewyn Davis,2013,https://boxd.it/34Ro
2025-09-05,Swiss Army Man,2016,https://boxd.it/bDG2
2025-09-05,The Last of the Mohicans,1992,https://boxd.it/1YSo
2025-09-05,The Age of Innocence,1993,https://boxd.it/1WgM
2025-09-06,Humans in the Loop,2024,https://boxd.it/QZzE
2025-09-09,Dogfight,1991,https://boxd.it/1NCk
2025-09-09,Love & Basketball,2000,https://boxd.it/1Nu6
2025-09-09,Mikey and Nicky,1976,https://boxd.it/iL4
2025-09-09,I Saw the Devil,2010,https://boxd.it/FaK
2025-09-09,On the Silver Globe,1988,https://boxd.it/1sAM
2025-09-09,Stalker,1979,https://boxd.it/28PO
2025-09-09,Funny Games,1997,https://boxd.it/1WKM
2025-09-09,The Gift,2015,https://boxd.it/aJMy
2025-09-09,Misery,1990,https://boxd.it/28gY
2025-09-09,The Sixth Sense,1999,https://boxd.it/29Js
2025-09-09,Identity,2003,https://boxd.it/26e2
2025-09-09,Fireworks,1997,https://boxd.it/22mQ
2025-09-09,Embracing,1992,https://boxd.it/53GI
2025-09-09,The Cloud-Capped Star,1960,https://boxd.it/ix2
2025-09-10,Sister Midnight,2024,https://boxd.it/MBDY
2025-09-10,The Voice of Hind Rajab,2025,https://boxd.it/UXdO
2025-09-10,Father Mother Sister Brother,2025,https://boxd.it/HRoU
2025-09-10,Fairyland,2023,https://boxd.it/BIcS
2025-09-10,Rebels of the Neon God,1992,https://boxd.it/mp2
2025-09-10,A River Called Titas,1973,https://boxd.it/3fUo
2025-09-10,Ajantrik,1958,https://boxd.it/5aLK
2025-09-10,Kaagaz Ke Phool,1959,https://boxd.it/vLG
2025-09-10,Calcutta 71,1972,https://boxd.it/7LnO
2025-09-10,Raincoat,2004,https://boxd.it/ZPe
2025-09-10,The Dreamers,2003,https://boxd.it/28X4
2025-09-10,Jules and Jim,1962,https://boxd.it/28rM
2025-09-10,Shall We Dance?,1996,https://boxd.it/1UhS
2025-09-10,Babylon,2022,https://boxd.it/mM02
2025-09-10,Almost Famous,2000,https://boxd.it/29CQ
2025-09-10,Dancer in the Dark,2000,https://boxd.it/71E
2025-09-10,Việt and Nam,2024,https://boxd.it/vVyg
2025-09-10,"Like Father, Like Son",2013,https://boxd.it/5rQs
2025-09-10,Training Day,2001,https://boxd.it/27A4
2025-09-10,Melancholia,2011,https://boxd.it/bPI
2025-09-10,Hereditary,2018,https://boxd.it/hNVe
2025-09-10,Inland Empire,2006,https://boxd.it/28d6
2025-09-10,Birth,2004,https://boxd.it/1VvQ
2025-09-10,Toni Erdmann,2016,https://boxd.it/d0xu
2025-09-10,Anchorman: The Legend of Ron Burgundy,2004,https://boxd.it/1ZVo
2025-09-10,Shame,2011,https://boxd.it/2CxU
2025-09-10,Paterson,2016,https://boxd.it/cRk2
2025-09-10,A History of Violence,2005,https://boxd.it/2bfa
2025-09-10,The Curious Case of Benjamin Button,2008,https://boxd.it/23Fk
2025-09-10,After Yang,2021,https://boxd.it/lx5a
2025-09-10,Columbus,2017,https://boxd.it/eCuA
2025-09-11,The Graduate,1967,https://boxd.it/18Im
2025-09-13,There Is No Evil,2020,https://boxd.it/oRVQ
2025-09-14,The Fable,2024,https://boxd.it/KU74
2025-09-17,Kikujiro,1999,https://boxd.it/24xc
2025-09-17,Silence Has No Wings,1966,https://boxd.it/3xEo
2025-09-17,"His Motorbike, Her Island",1986,https://boxd.it/9uk8
2025-09-17,The Rocking Horsemen,1992,https://boxd.it/4evO
2025-09-17,La Collectionneuse,1967,https://boxd.it/23Ls
2025-09-17,Bombay Velvet,2015,https://boxd.it/adWG
2025-09-17,Christiane F.,1981,https://boxd.it/1YiA
2025-09-17,Batman Ninja,2018,https://boxd.it/hwle
2025-09-17,Phantom of the Paradise,1974,https://boxd.it/1s34
2025-09-17,Confessions,2010,https://boxd.it/uRS
2025-09-17,Ivan's Childhood,1962,https://boxd.it/1j6y
2025-09-17,A Gentle Breeze in the Village,2007,https://boxd.it/2Vdk
2025-09-17,Anomalisa,2015,https://boxd.it/97TE
2025-09-17,Solaris,1972,https://boxd.it/2a2Y
2025-09-17,Casino,1995,https://boxd.it/2ads
2025-09-17,Point Blank,1967,https://boxd.it/1uAE
2025-09-17,Performance,1970,https://boxd.it/1txE
2025-09-17,Excalibur,1981,https://boxd.it/1TDI
2025-09-17,Easy Rider,1969,https://boxd.it/29Ys
2025-09-17,Moulin Rouge!,2001,https://boxd.it/29wI
2025-09-17,A Ghost Story,2017,https://boxd.it/fb0K
2025-09-17,Still Walking,2008,https://boxd.it/1wvm
2025-09-17,Don't Look Now,1973,https://boxd.it/29fC
2025-09-17,My Broken Mariko,2022,https://boxd.it/z2N4
2025-09-17,Ghostlight,2024,https://boxd.it/K5c8
2025-09-17,"Mary Is Happy, Mary Is Happy.",2013,https://boxd.it/7kDq
2025-09-17,Life Is Beautiful,1997,https://boxd.it/29Wm
2025-09-17,Barton Fink,1991,https://boxd.it/2aFQ
2025-09-17,Small Things Like These,2024,https://boxd.it/FHIm
2025-09-17,Faust,1926,https://boxd.it/1Vxi
2025-09-17,A Short Film About Killing,1988,https://boxd.it/1VtK
2025-09-17,A Hidden Life,2019,https://boxd.it/eb1Q
2025-09-17,A Brother and 7 Siblings,2024,https://boxd.it/O1eM
2025-09-17,m.A.A.d,2014,https://boxd.it/bYcC
2025-09-18,Love & Pop,1998,https://boxd.it/2sv0
2025-09-18,The Blues Brothers,1980,https://boxd.it/2adi
2025-09-21,Swing Girls,2004,https://boxd.it/1ag0
2025-09-21,Ruby Sparks,2012,https://boxd.it/3w9O
2025-09-21,Battle of the Sexes,2017,https://boxd.it/cNxw
2025-09-22,Investigation of a Citizen Above Suspicion,1970,https://boxd.it/1tRY
2025-09-23,Raising Arizona,1987,https://boxd.it/2avQ
2025-09-23,Rumble Fish,1983,https://boxd.it/2aOI
2025-09-23,HyperNormalisation,2016,https://boxd.it/eOGy
2025-09-23,Sunset Boulevard,1950,https://boxd.it/2a20
2025-09-23,Cinema Paradiso,1988,https://boxd.it/1UlA
2025-09-23,Once Upon a Time in the West,1968,https://boxd.it/2az4
2025-09-23,Roman Holiday,1953,https://boxd.it/29zW
2025-09-23,The Long Goodbye,1973,https://boxd.it/281O
2025-09-23,Collateral,2004,https://boxd.it/28F0
2025-09-23,Dirty Harry,1971,https://boxd.it/299E
2025-09-23,Brazil,1985,https://boxd.it/2be2
2025-09-23,The Execution Game,1979,https://boxd.it/bwtU
2025-09-23,Streets of Fire,1984,https://boxd.it/1Nt8
2025-09-23,Big Trouble in Little China,1986,https://boxd.it/21em
2025-09-23,Manhunter,1986,https://boxd.it/1TOw
2025-09-23,Gothic,1986,https://boxd.it/1fkG
2025-09-23,The Room Next Door,2024,https://boxd.it/Fb4k
2025-09-23,All the Beauty and the Bloodshed,2022,https://boxd.it/BYjU
2025-09-23,Happening,2021,https://boxd.it/tRts
2025-09-23,Roma,2018,https://boxd.it/f69M
2025-09-23,The Shape of Water,2017,https://boxd.it/dZ5m
2025-09-23,From Afar,2015,https://boxd.it/bQmY
2025-09-23,A Pigeon Sat on a Branch Reflecting on Existence,2014,https://boxd.it/3Ifa
2025-09-23,Pieta,2012,https://boxd.it/446k
2025-09-23,The Circle,2000,https://boxd.it/1PbA
2025-09-23,Murder by Death,1976,https://boxd.it/228k
2025-09-23,Virus Tropical,2017,https://boxd.it/h7LG
2025-09-23,A Sun-Tribe Myth from the Bakumatsu Era,1957,https://boxd.it/47wK
2025-09-23,To Die For,1995,https://boxd.it/2a5o
2025-09-23,Election,1999,https://boxd.it/1YEc
2025-09-23,Floating Weeds,1959,https://boxd.it/LZu
2025-09-24,Steve,2025,https://boxd.it/LekC
2025-09-24,The Stranger,2025,https://boxd.it/STpW
2025-09-24,Terrorizers,1986,https://boxd.it/2IRG
2025-09-26,Himizu,2011,https://boxd.it/3oFs
2025-09-26,Vicky Cristina Barcelona,2008,https://boxd.it/23rW
2025-09-26,The American Friend,1977,https://boxd.it/1UkC
2025-09-26,Pornostar,1998,https://boxd.it/1fYc
2025-09-26,The Belly of an Architect,1987,https://boxd.it/1IWO
2025-09-26,Peppermint Candy,1999,https://boxd.it/ZQc
2025-09-26,Love Exposure,2008,https://boxd.it/1pDe
2025-09-26,Dreams,1990,https://boxd.it/1ROu
2025-09-27,Giri/Haji,2019,https://boxd.it/rjk8
2025-09-27,The Social Reckoning,2026,https://boxd.it/MRPQ
2025-09-27,North Terminal,2021,https://boxd.it/wPfY
2025-09-29,Alps,2011,https://boxd.it/2RHg
2025-09-29,Silent Friend,2025,https://boxd.it/IiEg
2025-09-29,RK/RKAY,2021,https://boxd.it/qVcE
2025-09-29,Lucia,2013,https://boxd.it/6vPU
2025-10-01,Police Story,1985,https://boxd.it/1Zhe
2025-10-01,Sonatine,1993,https://boxd.it/20TI
2025-10-02,Capote,2005,https://boxd.it/2atq
2025-10-02,Hell or High Water,2016,https://boxd.it/bfGM
2025-10-02,Boiling Point,2021,https://boxd.it/uo2u
2025-10-02,The Secret Life of Walter Mitty,2013,https://boxd.it/3SWy
2025-10-02,Stand by Me,1986,https://boxd.it/2aOe
2025-10-02,The Double Life of Véronique,1991,https://boxd.it/28va
2025-10-02,I Killed My Mother,2009,https://boxd.it/1ubO
2025-10-02,Vagabond,1985,https://boxd.it/T0u
2025-10-03,Blink Twice,2024,https://boxd.it/vIOg
2025-10-04,The Swimming Pool,1969,https://boxd.it/23BC
2025-10-04,Rosetta,1999,https://boxd.it/1TJw
2025-10-04,Opening Night,1977,https://boxd.it/1f4e
2025-10-04,The Killing of a Chinese Bookie,1976,https://boxd.it/1hS6
2025-10-04,Code Unknown,2000,https://boxd.it/1kaw
2025-10-04,Amour,2012,https://boxd.it/34Q6
2025-10-04,La Chinoise,1967,https://boxd.it/28rC
2025-10-04,Landscape in the Mist,1988,https://boxd.it/JRy
2025-10-04,Ulysses' Gaze,1995,https://boxd.it/1ApC
2025-10-04,The Child,2005,https://boxd.it/1TJm
2025-10-04,Freddy Got Fingered,2001,https://boxd.it/1QGk
2025-10-04,"Salò, or the 120 Days of Sodom",1975,https://boxd.it/237s
2025-10-04,In the Realm of the Senses,1976,https://boxd.it/22qS
2025-10-04,The Ninth Configuration,1980,https://boxd.it/1G4q
2025-10-04,Antichrist,2009,https://boxd.it/1Inu
2025-10-04,Belle de Jour,1967,https://boxd.it/29Uq
2025-10-04,Szamanka,1996,https://boxd.it/2Q14
2025-10-04,The Devil,1972,https://boxd.it/3iRC
2025-10-04,The Third Part of the Night,1971,https://boxd.it/Miw
2025-10-04,Mad Love,1985,https://boxd.it/3oGA
2025-10-04,Profound Desires of the Gods,1968,https://boxd.it/D20
2025-10-04,Metropolis,1927,https://boxd.it/71a
2025-10-04,La Notte,1961,https://boxd.it/10iU
2025-10-04,Seven Samurai,1954,https://boxd.it/2axi
2025-10-04,Andrei Rublev,1966,https://boxd.it/29lg
2025-10-04,Incendies,2010,https://boxd.it/Msm
2025-10-04,Paths of Glory,1957,https://boxd.it/29b6
2025-10-04,Fanny and Alexander,1982,https://boxd.it/22go
2025-10-04,Sansho the Bailiff,1954,https://boxd.it/1Dkq
2025-10-04,Red Beard,1965,https://boxd.it/251m
2025-10-04,One Flew Over the Cuckoo's Nest,1975,https://boxd.it/2aeA
2025-10-04,War and Peace,1965,https://boxd.it/1nRy
2025-10-04,Apur Sansar,1959,https://boxd.it/29l6
2025-10-04,Yojimbo,1961,https://boxd.it/1SRY
2025-10-04,Aparajito,1956,https://boxd.it/29kW
2025-10-04,Fail Safe,1964,https://boxd.it/2afS
2025-10-04,The Face of Another,1966,https://boxd.it/1nso
2025-10-04,Kwaidan,1964,https://boxd.it/1kbY
2025-10-06,License to Live,1998,https://boxd.it/IGY
2025-10-06,The Beautiful Person,2008,https://boxd.it/152W
2025-10-06,A Separation,2011,https://boxd.it/gvo
2025-10-06,Holy Spider,2022,https://boxd.it/xBn2
2025-10-06,Turtles Are Surprisingly Fast Swimmers,2005,https://boxd.it/1ba8
2025-10-06,Stay,2005,https://boxd.it/20BE
2025-10-06,"Small, Slow But Steady",2022,https://boxd.it/yZYe
2025-10-06,The Apple,1980,https://boxd.it/GWK
2025-10-06,The Act of Killing,2012,https://boxd.it/44Cg
2025-10-06,In Vanda's Room,2000,https://boxd.it/36r8
2025-10-06,The Mouth Of The Wolf,2009,https://boxd.it/vqS
2025-10-06,A Night of Knowing Nothing,2021,https://boxd.it/vBUw
2025-10-06,The Blonds,2003,https://boxd.it/5Pqe
2025-10-06,Four Weddings and a Funeral,1994,https://boxd.it/29KA
2025-10-06,The Wolf House,2018,https://boxd.it/i1vE
2025-10-06,Karthik Calling Karthik,2010,https://boxd.it/1djw
2025-10-07,The Green Ray,1986,https://boxd.it/t8W
2025-10-07,Beauty and the Beast,1946,https://boxd.it/29UA
2025-10-08,Strike,1925,https://boxd.it/QFk
2025-10-08,Häxan,1922,https://boxd.it/n4O
2025-10-08,Cinemartyrs,2025,https://boxd.it/SDh8
2025-10-08,Samuel,2024,https://boxd.it/LWKk
2025-10-08,The Big City,1963,https://boxd.it/fI2
2025-10-08,The Music Room,1958,https://boxd.it/29x2
2025-10-08,Charulata,1964,https://boxd.it/1bVy
2025-10-08,Devi,1960,https://boxd.it/Vt4
2025-10-08,The Hero,1966,https://boxd.it/3MJI
2025-10-08,The Stranger,1991,https://boxd.it/YxS
2025-10-08,Joyland,2022,https://boxd.it/AlzM
2025-10-08,Supermen of Malegaon,2008,https://boxd.it/3PZa
2025-10-09,The 400 Blows,1959,https://boxd.it/2b1C
2025-10-09,Your Name Engraved Herein,2020,https://boxd.it/qWwA
2025-10-09,Us and Them,2018,https://boxd.it/ip3a
2025-10-09,A City of Sadness,1989,https://boxd.it/EIm
2025-10-09,Take Out,2004,https://boxd.it/17DA
2025-10-09,Platform,2000,https://boxd.it/2O0S
2025-10-09,Jeff Buckley: Live in Chicago,2000,https://boxd.it/Zaq
2025-10-09,Le Trou,1960,https://boxd.it/1nSw
2025-10-09,I Am Cuba,1964,https://boxd.it/1hUQ
2025-10-09,The Ascent,1977,https://boxd.it/Eew
2025-10-09,Nights of Cabiria,1957,https://boxd.it/1F7e
2025-10-09,How to Make Millions Before Grandma Dies,2024,https://boxd.it/FLa4
2025-10-09,The Cremator,1969,https://boxd.it/1H8y
2025-10-09,Throne of Blood,1957,https://boxd.it/251w
2025-10-09,The First Slam Dunk,2022,https://boxd.it/tt94
2025-10-09,Mary and Max,2009,https://boxd.it/1y2m
2025-10-09,Satantango,1994,https://boxd.it/1j9M
2025-10-09,Eternity and a Day,1998,https://boxd.it/1wSq
2025-10-09,The Girl with the Dragon Tattoo,2011,https://boxd.it/2Pa
2025-10-09,The White Ribbon,2009,https://boxd.it/17eU
2025-10-10,Jigoku,1960,https://boxd.it/EfY
2025-10-10,Demons,1971,https://boxd.it/3yiy
2025-10-10,Sweet Home,1989,https://boxd.it/2np2
2025-10-10,Gozu,2003,https://boxd.it/1RTa
2025-10-10,It Comes,2018,https://boxd.it/ihCw
2025-10-10,Kamikaze Girls,2004,https://boxd.it/1ucC
2025-10-10,New Group,2025,https://boxd.it/Vxg0
2025-10-14,Vanilla Sky,2001,https://boxd.it/27TK
2025-10-14,Black Swan,2010,https://boxd.it/Sw0
2025-10-14,Queer,2024,https://boxd.it/E4RW
2025-10-14,Dogville,2003,https://boxd.it/2a8W
2025-10-14,Raging Bull,1980,https://boxd.it/28yI
2025-10-14,Dogtooth,2009,https://boxd.it/158K
2025-10-15,The Mehta Boys,2024,https://boxd.it/M7sQ
2025-10-15,Bellissima,1951,https://boxd.it/UEg
2025-10-15,Singin' in the Rain,1952,https://boxd.it/29oY
2025-10-15,The Bad and the Beautiful,1952,https://boxd.it/1h3M
2025-10-15,Contempt,1963,https://boxd.it/2aJe
2025-10-15,Beware of a Holy Whore,1971,https://boxd.it/1hgQ
2025-10-15,Body Double,1984,https://boxd.it/1TGW
2025-10-15,Epidemic,1987,https://boxd.it/1ntm
2025-10-15,Hearts of Darkness: A Filmmaker's Apocalypse,1991,https://boxd.it/24ai
2025-10-15,Ed Wood,1994,https://boxd.it/2adM
2025-10-15,Living in Oblivion,1995,https://boxd.it/1ZeO
2025-10-15,Irma Vep,1996,https://boxd.it/1vYs
2025-10-15,The River,1997,https://boxd.it/uEk
2025-10-15,Sex Is Comedy,2002,https://boxd.it/x1g
2025-10-15,In Water,2023,https://boxd.it/EKYU
2025-10-15,The Book of Solutions,2023,https://boxd.it/xx3i
2025-10-15,The Second Act,2024,https://boxd.it/HW9q
2025-10-15,As Tears Go By,1988,https://boxd.it/1ybI
2025-10-16,City on Fire,1987,https://boxd.it/XGY
2025-10-16,The Last Dance,2024,https://boxd.it/Kz1u
2025-10-16,The Only Son,1936,https://boxd.it/zX2
2025-10-16,Initial D,2005,https://boxd.it/1K9Y
2025-10-19,To Live,1994,https://boxd.it/1j6S
2025-10-19,Anticipation of the Night,1958,https://boxd.it/4Jw4
2025-10-19,24 Frames,2017,https://boxd.it/d6YG
2025-10-20,All of Us Strangers,2023,https://boxd.it/Bz3C
2025-10-20,Cyclo,1995,https://boxd.it/1aX4
2025-10-20,A Visitor to a Museum,1989,https://boxd.it/2wKe
2025-10-20,Call Me Chihiro,2023,https://boxd.it/CKrM
2025-10-20,The Glass Harmonica,1968,https://boxd.it/6pIo
2025-10-20,Claire's Knee,1970,https://boxd.it/26aO
2025-10-20,Love in the Afternoon,1972,https://boxd.it/1Svo
2025-10-20,A Touch of Sin,2013,https://boxd.it/5Fvo
2025-10-20,What Happens at Night,,https://boxd.it/Ggua
2025-10-20,Happy-Go-Lucky,1997,https://boxd.it/53hI
2025-10-20,Endless Poetry,2016,https://boxd.it/aANs
2025-10-20,Eat Drink Man Woman,1994,https://boxd.it/1Wem
2025-10-21,Das Boot,1981,https://boxd.it/2av2
2025-10-21,Colossal Youth,2006,https://boxd.it/2T62
2025-10-21,Mauvais Sang,1986,https://boxd.it/5c6
2025-10-21,The Last Picture Show,1971,https://boxd.it/1weg
2025-10-21,Rushmore,1998,https://boxd.it/1TAO
2025-10-22,In the Name of the Father,1993,https://boxd.it/20I6
2025-10-22,Bronson,2008,https://boxd.it/1GM8
2025-10-22,Only God Forgives,2013,https://boxd.it/2HBs
2025-10-22,The Neon Demon,2016,https://boxd.it/9AnW
2025-10-23,State of Siege,1972,https://boxd.it/3dao
2025-10-23,The Confession,1970,https://boxd.it/f0k
2025-10-23,The Sleeping Car Murders,1965,https://boxd.it/24w4
2025-10-23,Hal & Harper,2025,https://boxd.it/SQRe
2025-10-23,They Were Art Thieves,,https://boxd.it/WLpi
2025-10-23,Trance,2013,https://boxd.it/2cAS
2025-10-23,Made in Hong Kong,1997,https://boxd.it/1uFk
2025-10-23,Santa Sangre,1989,https://boxd.it/1FrI
2025-10-23,The Devil All the Time,2020,https://boxd.it/i2tY
2025-10-23,Hamilton,2020,https://boxd.it/kmvE
2025-10-23,Shiva Baby,2020,https://boxd.it/oIv0
2025-10-23,Blue Moon,2025,https://boxd.it/Nzwy
2025-10-24,The Assassin,2015,https://boxd.it/7rdE
2025-10-24,Mother Küsters Goes to Heaven,1975,https://boxd.it/Xlc
2025-10-24,Fox and His Friends,1975,https://boxd.it/Xma
2025-10-24,The Marriage of Maria Braun,1979,https://boxd.it/29Su
2025-10-24,Martha,1974,https://boxd.it/1Wzu
2025-10-24,The Merchant of Four Seasons,1972,https://boxd.it/1WzO
2025-10-24,Chinese Roulette,1976,https://boxd.it/1b2I
2025-10-24,Blue,2002,https://boxd.it/3q1k
2025-10-24,C'mon C'mon,2021,https://boxd.it/nrI0
2025-10-24,Le Bonheur,1965,https://boxd.it/xyk
2025-10-24,I Dream in Another Language,2017,https://boxd.it/bZ5M
2025-10-24,Holy Motors,2012,https://boxd.it/3wai
2025-10-24,Song to Song,2017,https://boxd.it/aR5C
2025-10-24,To the Wonder,2012,https://boxd.it/gpU
2025-10-24,Berlin Alexanderplatz,1980,https://boxd.it/B9mo
2025-10-24,Once Upon a Time in America,1984,https://boxd.it/2aCs
2025-10-24,Angel's Egg,1985,https://boxd.it/1LeA
2025-10-24,The Night of the Hunter,1955,https://boxd.it/25HW
2025-10-24,Cabaret,1972,https://boxd.it/1Vpe
2025-10-24,The Verdict,1982,https://boxd.it/1y3Y
2025-10-24,North by Northwest,1959,https://boxd.it/2aRM
2025-10-24,Unforgiven,1992,https://boxd.it/6Z4
2025-10-24,PlayTime,1967,https://boxd.it/1WLK
2025-10-24,F for Fake,1973,https://boxd.it/VxA
2025-10-24,Chinatown,1974,https://boxd.it/29vU
2025-10-24,The Exorcist,1973,https://boxd.it/1Yoo
2025-10-24,Palo Alto,2013,https://boxd.it/5Nzy
2025-10-24,Jackie,2016,https://boxd.it/d6bu
2025-10-24,Niandra,2018,https://boxd.it/j7Me
2025-10-24,The Fountain,2006,https://boxd.it/28RU
2025-10-24,Scenes from a Marriage,1974,https://boxd.it/4kJC
2025-10-24,Paper Moon,1973,https://boxd.it/1Ud2
2025-10-24,The Young Girls of Rochefort,1967,https://boxd.it/26K8
2025-10-24,The Sacrifice,1986,https://boxd.it/1xg8
2025-10-24,Dallas Buyers Club,2013,https://boxd.it/4O8G
2025-10-24,Little Fish,2020,https://boxd.it/lAFK
2025-10-24,Days of Being Wild,1990,https://boxd.it/1HbC
2025-10-24,Le Samouraï,1967,https://boxd.it/22ZI
2025-10-24,Eighth Grade,2018,https://boxd.it/hDMG
2025-10-24,Thelma,2017,https://boxd.it/e7Ce
2025-10-24,The Machinist,2004,https://boxd.it/248c
2025-10-24,All We Imagine as Light,2024,https://boxd.it/yXaQ
2025-10-24,The Way of the Wind,,https://boxd.it/mqE0
2025-10-24,Dune: Part Three,2026,https://boxd.it/ImWe
2025-10-24,Fish Tank,2009,https://boxd.it/1xBg
2025-10-24,Let the Right One In,2008,https://boxd.it/1Qr0
2025-10-24,Ben-Hur,1959,https://boxd.it/29RQ
2025-10-24,The Great Escape,1963,https://boxd.it/22kA
2025-10-24,Judgment at Nuremberg,1961,https://boxd.it/29xc
2025-10-24,Die Hard,1988,https://boxd.it/2a7u
2025-10-24,Léon: The Professional,1994,https://boxd.it/2b8S
2025-10-24,Moonrise Kingdom,2012,https://boxd.it/2Wng
2025-10-24,His,2020,https://boxd.it/oFNU
2025-10-24,Our Blue Moment,2018,https://boxd.it/lu1u
2025-10-24,Over the Town,2019,https://boxd.it/sBnQ
2025-10-24,Mellow,2020,https://boxd.it/pjDK
2025-10-24,Heaven Is Still Far Away,2016,https://boxd.it/j2Xc
2025-10-24,Passion,2008,https://boxd.it/bI9M
2025-10-24,Evil Does Not Exist,2023,https://boxd.it/HJrc
2025-10-24,Lady Vengeance,2005,https://boxd.it/248G
2025-10-25,The Woman Who Ran,2020,https://boxd.it/oEEi
2025-10-25,The Novelist's Film,2022,https://boxd.it/yZX6
2025-10-25,The Thin Red Line,1998,https://boxd.it/1ZTM
2025-10-25,Badlands,1973,https://boxd.it/25Fm
2025-10-25,The Killing,1956,https://boxd.it/2aMi
2025-10-25,mid90s,2018,https://boxd.it/fxIa
2025-10-25,Stoker,2013,https://boxd.it/34S2
2025-10-25,Thirst,2009,https://boxd.it/1Aqq
2025-10-26,Cat City,1986,https://boxd.it/f9w
2025-10-26,Riceboy Sleeps,2022,https://boxd.it/C68A
2025-10-26,MadS,2024,https://boxd.it/M8qQ
2025-10-26,They Cloned Tyrone,2023,https://boxd.it/rE7a
2025-10-26,Funny Pages,2022,https://boxd.it/lrlm
2025-10-26,The Novice,2021,https://boxd.it/uWMc
2025-10-26,Fingernails,2023,https://boxd.it/tJ82
2025-10-26,Irkalla – Gilgamesh's Dream,2025,https://boxd.it/WaAy
2025-10-26,Revenge,2017,https://boxd.it/gL9g
2025-10-26,An Unmarried Woman,1978,https://boxd.it/15kG
2025-10-26,A Tale of Winter,1992,https://boxd.it/1WJO
2025-10-26,In the Bedroom,2001,https://boxd.it/27Fo
2025-10-26,Monica,2022,https://boxd.it/jHlI
2025-10-26,Millions,2004,https://boxd.it/1QjK
2025-10-26,Save the Green Planet!,2003,https://boxd.it/1Uco
2025-10-26,Gerry,2002,https://boxd.it/27LG
2025-10-26,Bring Them Down,2024,https://boxd.it/uiDa
2025-10-26,A Night in Nude,1993,https://boxd.it/3zd0
2025-10-26,Gonin,1995,https://boxd.it/1t5g
2025-10-26,The Nightingale's Prayer,1959,https://boxd.it/5PEK
2025-10-26,Next of Kin,1982,https://boxd.it/2ZQg
2025-10-26,My Father's Shadow,2025,https://boxd.it/T1a6
2025-10-26,Sirāt,2025,https://boxd.it/HxJo
2025-10-27,Cold War,2018,https://boxd.it/fEoc
2025-10-27,The Perfect Neighbor,2025,https://boxd.it/RSG6
2025-10-28,BAD FILM,2012,https://boxd.it/6cko
2025-10-28,Manas,2024,https://boxd.it/LPz0
2025-10-28,"Basic Sanitation, the Movie",2007,https://boxd.it/1oC
2025-10-28,Same Old West,2024,https://boxd.it/OapE
2025-10-28,I'm Still Here,2024,https://boxd.it/BPEO
2025-10-28,Petite Maman,2021,https://boxd.it/s6je
2025-10-28,The Namesake,2006,https://boxd.it/1JJG
2025-10-28,Village Rockstars,2017,https://boxd.it/gYRA
2025-10-28,Microhabitat,2017,https://boxd.it/hn9o
2025-10-28,Kim Ji-young: Born 1982,2019,https://boxd.it/lyGw
2025-10-28,Kamome Diner,2006,https://boxd.it/1vnm
2025-10-28,Rent-a-Cat,2012,https://boxd.it/3S5O
2025-10-28,Sweet Bean,2015,https://boxd.it/alaK
2025-10-28,Under the Open Sky,2020,https://boxd.it/rk3i
2025-10-28,The Headless Woman,2008,https://boxd.it/1ZDE
2025-10-28,Archipelago,2010,https://boxd.it/Oa
2025-10-28,Detroit,2017,https://boxd.it/el3C
2025-10-28,Leonor Will Never Die,2022,https://boxd.it/yoJQ
2025-10-28,Kedi,2016,https://boxd.it/dHxM
2025-10-28,Nightmare Alley,2021,https://boxd.it/m0HC
2025-10-28,Army of Shadows,1969,https://boxd.it/1Mli
2025-10-28,Le Cercle Rouge,1970,https://boxd.it/1Tjy
2025-10-28,Bob le Flambeur,1956,https://boxd.it/1uC6
2025-10-29,Dìdi (弟弟),2024,https://boxd.it/HQOW
2025-10-29,Eternity,2025,https://boxd.it/LYtK
2025-10-29,Nouvelle Vague,2025,https://boxd.it/LLLQ
2025-10-29,The Testament of Ann Lee,2025,https://boxd.it/RTTU
2025-10-30,Happyend,2024,https://boxd.it/rnUa
2025-10-30,Bad Lieutenant,1992,https://boxd.it/1Src
2025-10-31,Short Vacation,2020,https://boxd.it/rSDa
2025-10-31,The Love That Remains,2025,https://boxd.it/LWuG
2025-10-31,Godland,2022,https://boxd.it/Ag9E
2025-10-31,The Wicker Man,1973,https://boxd.it/1KnG
2025-10-31,Rabbit Trap,2025,https://boxd.it/Ji66
2025-10-31,Songs My Brothers Taught Me,2015,https://boxd.it/9Thy
2025-10-31,The Sparks Brothers,2021,https://boxd.it/tboq
2025-10-31,Ash Is Purest White,2018,https://boxd.it/fH5C
2025-11-01,Rustin,2023,https://boxd.it/xVRG
2025-11-01,Milk,2008,https://boxd.it/1WZC
2025-11-01,The Miseducation of Cameron Post,2018,https://boxd.it/f6B2
2025-11-01,God's Own Country,2017,https://boxd.it/faZM
2025-11-01,Nomad,1982,https://boxd.it/4VI2
2025-11-01,Angel Dust,1994,https://boxd.it/1esa
2025-11-01,Grand Tour,2024,https://boxd.it/FzwC
2025-11-01,Mithunam,2012,https://boxd.it/6dNG
2025-11-02,Bound,1996,https://boxd.it/1Z1g
2025-11-03,My Heart Is That Eternal Rose,1989,https://boxd.it/2HHA
2025-11-03,I'm Still Here,2010,https://boxd.it/TcK
2025-11-03,Light of My Life,2019,https://boxd.it/fGxK
2025-11-03,Is This Thing On?,2025,https://boxd.it/H73Q
2025-11-03,A Confucian Confusion,1994,https://boxd.it/uNc
2025-11-03,Mahjong,1996,https://boxd.it/uku
2025-11-04,Eyes Without a Face,1960,https://boxd.it/1j9i
2025-11-04,Great Expectations,1946,https://boxd.it/1OjS
2025-11-04,Edward Scissorhands,1990,https://boxd.it/2aZc
2025-11-04,Pig,2021,https://boxd.it/nzoW
2025-11-04,Tie Xi Qu: West of the Tracks,2002,https://boxd.it/33La
2025-11-04,'Til Madness Do Us Part,2013,https://boxd.it/6oFS
2025-11-04,Youth (Spring),2023,https://boxd.it/hMzc
2025-11-04,Dead Souls,2018,https://boxd.it/iLNa
2025-11-04,Striding Into the Wind,2020,https://boxd.it/qEyI
2025-11-05,The Mule,2018,https://boxd.it/idcY
2025-11-05,The Cloud in Her Room,2020,https://boxd.it/latS
2025-11-05,The Swimmer,1968,https://boxd.it/1ffG
2025-11-05,The Souvenir,2019,https://boxd.it/gXU4
2025-11-05,White Noise,2022,https://boxd.it/rXgK
2025-11-05,Kicking and Screaming,1995,https://boxd.it/1pHK
2025-11-06,Paris Je T'aime,2006,https://boxd.it/273a
2025-11-06,To Kill a Mockingbird,1962,https://boxd.it/2a2E
2025-11-06,The House That Jack Built,2018,https://boxd.it/dWO4
2025-11-07,Syndromes and a Century,2006,https://boxd.it/1qHQ
2025-11-07,The Days When I Don’t Exist,2003,https://boxd.it/6jhm
2025-11-07,Margaret,2011,https://boxd.it/2kbm
2025-11-07,Notre Musique,2004,https://boxd.it/1u3g
2025-11-07,35 Shots of Rum,2008,https://boxd.it/1unA
2025-11-07,Like Someone in Love,2012,https://boxd.it/3tOu
2025-11-07,Death by Hanging,1968,https://boxd.it/3nPm
2025-11-07,The Girl Who Leapt Through Time,1983,https://boxd.it/bpK
2025-11-07,The Scent of Green Papaya,1993,https://boxd.it/1EWq
2025-11-08,Winter in Sokcho,2024,https://boxd.it/BPZC
2025-11-08,Three Sisters,2012,https://boxd.it/4c4c
2025-11-08,A Girl Walks Home Alone at Night,2014,https://boxd.it/7nZE
2025-11-08,Children of Heaven,1997,https://boxd.it/1C5k
2025-11-08,A Hero,2021,https://boxd.it/p2zw
2025-11-08,No Bears,2022,https://boxd.it/ANxk
2025-11-08,The House Is Black,1963,https://boxd.it/STe
2025-11-08,Homework,1989,https://boxd.it/4Cnk
2025-11-09,Black Sun,1964,https://boxd.it/3JQm
2025-11-09,Tokyo Decadence,1992,https://boxd.it/1LuS
2025-11-12,Testament of Orpheus,1960,https://boxd.it/19Bm
2025-11-13,Dazed and Confused,1993,https://boxd.it/1Ylk
2025-11-13,Elevator to the Gallows,1958,https://boxd.it/294u
2025-11-13,The Fire Within,1963,https://boxd.it/26AM
2025-11-13,Design for Living,1933,https://boxd.it/2FJE
2025-11-13,Sunday Bloody Sunday,1971,https://boxd.it/OlW
2025-11-13,Cruel Intentions,1999,https://boxd.it/29Be
2025-11-13,Corpse Bride,2005,https://boxd.it/24WQ
2025-11-15,Firaaq,2009,https://boxd.it/1ARG
2025-11-15,Mundane History,2009,https://boxd.it/4tfw
2025-11-15,A Bride for Rip Van Winkle,2016,https://boxd.it/dj9c
2025-11-16,Children of a Lesser God,1986,https://boxd.it/27VG
2025-11-16,Rain Man,1988,https://boxd.it/2avw
2025-11-16,My Left Foot: The Story of Christy Brown,1989,https://boxd.it/1WW4
2025-11-16,The Sessions,2012,https://boxd.it/3NXQ
2025-11-16,The Peanut Butter Falcon,2019,https://boxd.it/gzu2
2025-11-16,The Square,2017,https://boxd.it/e5YW
2025-11-16,Cremaster 3,2002,https://boxd.it/1yyW
2025-11-16,3 Women,1977,https://boxd.it/YPs
2025-11-16,Victoria,2015,https://boxd.it/amSe
2025-11-16,Me and You and Everyone We Know,2005,https://boxd.it/28RK
2025-11-16,Sorry to Bother You,2018,https://boxd.it/f21E
2025-11-16,Fitzcarraldo,1982,https://boxd.it/1YV8
2025-11-16,Pink Floyd: The Wall,1982,https://boxd.it/1Sxk
2025-11-16,Loving Vincent,2017,https://boxd.it/biIQ
2025-11-16,Kubo and the Two Strings,2016,https://boxd.it/a4wE
2025-11-16,Marcel the Shell with Shoes On,2021,https://boxd.it/wMAk
2025-11-16,Lion,2016,https://boxd.it/b2La
2025-11-16,50/50,2011,https://boxd.it/10Tw
2025-11-16,Dream Scenario,2023,https://boxd.it/v2h0
2025-11-16,Megalopolis,2024,https://boxd.it/lPBS
2025-11-16,The Phantom of Liberty,1974,https://boxd.it/22VG
2025-11-16,Lolita,1962,https://boxd.it/29Ag
2025-11-16,Videodrome,1983,https://boxd.it/29uC
2025-11-16,The Double,2013,https://boxd.it/4DLW
2025-11-16,Run Lola Run,1998,https://boxd.it/2b8o
2025-11-16,Mood Indigo,2013,https://boxd.it/4WFy
2025-11-16,Satyricon,1969,https://boxd.it/1UtY
2025-11-16,Dark City,1998,https://boxd.it/26uk
2025-11-16,Memoir of a Snail,2024,https://boxd.it/EgX8
2025-11-17,I Wish,2011,https://boxd.it/2L3k
2025-11-17,Distance,2001,https://boxd.it/1wvc
2025-11-17,"As I Was Moving Ahead, Occasionally I Saw Brief Glimpses of Beauty",2000,https://boxd.it/4gcu
2025-11-19,What's Eating Gilbert Grape,1993,https://boxd.it/28xg
2025-11-21,Control Tower,2011,https://boxd.it/3lI4
2025-11-23,Big World,2024,https://boxd.it/MKSS
2025-11-24,The Searchers,1956,https://boxd.it/25HC
2025-11-24,Portrait of a Young Girl at the End of the 60s in Brussels,1994,https://boxd.it/462a
2025-11-25,From Beyond,1986,https://boxd.it/1NXi
2025-11-25,Crimson Peak,2015,https://boxd.it/62Ty
2025-11-25,Dracula,2025,https://boxd.it/Lng0
2025-11-26,A Bittersweet Life,2005,https://boxd.it/1U4Y
2025-11-26,Tokyo-Ga,1985,https://boxd.it/2DyE
2025-11-26,The Ballad of Wallis Island,2025,https://boxd.it/GqT0
2025-11-26,Rye Lane,2023,https://boxd.it/DIyy
2025-11-26,The Ron Clark Story,2006,https://boxd.it/1vDO
2025-11-26,Broker,2022,https://boxd.it/rDUU
2025-11-26,Allen Sunshine,2024,https://boxd.it/CSbs
2025-11-26,Supergirl,2026,https://boxd.it/ESyU
2025-11-26,The Devil Wears Prada 2,2026,https://boxd.it/Oags
2025-11-26,Clayface,2026,https://boxd.it/RTVm
2025-11-26,Man of Tomorrow,2027,https://boxd.it/WFRU
2025-11-26,The Legend of Zelda,2027,https://boxd.it/IEro
2025-11-26,Miami Vice '85,2028,https://boxd.it/UpRA
2025-11-26,Star Wars: Starfighter,2027,https://boxd.it/Su0s
2025-11-26,Spider-Man: Beyond the Spider-Verse,2027,https://boxd.it/ykgU
2025-11-26,Ally,,https://boxd.it/vfq0
2025-11-26,The Secret in Their Eyes,2009,https://boxd.it/1vWw
2025-11-26,Nine Queens,2000,https://boxd.it/1HBA
2025-11-26,Wild Tales,2014,https://boxd.it/7UmK
2025-11-26,Zama,2017,https://boxd.it/aDDq
2025-11-26,La Ciénaga,2001,https://boxd.it/kpk
2025-11-26,Sidewalls,2011,https://boxd.it/2EiM
2025-11-26,Kill the Jockey,2024,https://boxd.it/FNA4
2025-11-26,Pixote,1980,https://boxd.it/XCs
2025-11-26,Limite,1931,https://boxd.it/20iW
2025-11-26,Aquarius,2016,https://boxd.it/d6YQ
2025-11-26,A Dog's Will,2000,https://boxd.it/12u4
2025-11-26,Elite Squad,2007,https://boxd.it/20YI
2025-11-26,Central Station,1998,https://boxd.it/29RG
2025-11-26,The Blue Angel,1930,https://boxd.it/2aPm
2025-11-26,Downfall,2004,https://boxd.it/2a04
2025-11-26,Ali: Fear Eats the Soul,1974,https://boxd.it/2aRi
2025-11-26,Nosferatu the Vampyre,1979,https://boxd.it/21J0
2025-11-26,Veronika Voss,1982,https://boxd.it/273O
2025-11-26,The Lives of Others,2006,https://boxd.it/2a4A
2025-11-26,The Two of Them,1977,https://boxd.it/7zlG
2025-11-26,Werckmeister Harmonies,2000,https://boxd.it/1zzw
2025-11-26,Damnation,1988,https://boxd.it/1E28
2025-11-26,The Round-Up,1966,https://boxd.it/3idC
2025-11-26,The Turin Horse,2011,https://boxd.it/2Qsk
2025-11-26,Autumn Almanac,1984,https://boxd.it/2yEi
2025-11-26,The Fifth Seal,1976,https://boxd.it/2GNW
2025-11-26,On Body and Soul,2017,https://boxd.it/fu7A
2025-11-26,The Red and the White,1967,https://boxd.it/xTM
2025-11-26,The Witness,1969,https://boxd.it/10sg
2025-11-26,My Way Home,1965,https://boxd.it/3ids
2025-11-26,The Salesman,2016,https://boxd.it/d2we
2025-11-26,About Elly,2009,https://boxd.it/18Ry
2025-11-26,The Willow Tree,2005,https://boxd.it/TE0
2025-11-26,The Pear Tree,1998,https://boxd.it/59xi
2025-11-26,Camera Buff,1979,https://boxd.it/XzS
2025-11-26,Ida,2013,https://boxd.it/6fRg
2025-11-26,The Promised Land,2023,https://boxd.it/B1hA
2025-11-26,The Promised Land,1975,https://boxd.it/2aeq
2025-11-26,Afterimage,2016,https://boxd.it/evvw
2025-11-26,Knife in the Water,1962,https://boxd.it/1THK
2025-11-26,How to Be Loved,1963,https://boxd.it/4eee
2025-11-26,Blind Chance,1987,https://boxd.it/2b4G
2025-11-26,The Bridge on the River Kwai,1957,https://boxd.it/29wo
2025-11-26,The Red Shoes,1948,https://boxd.it/1EXI
2025-11-26,The Father,2020,https://boxd.it/m8Ie
2025-11-26,The Remains of the Day,1993,https://boxd.it/291A
2025-11-26,Women in Love,1969,https://boxd.it/286
2025-11-26,Mirror,1975,https://boxd.it/28Q8
2025-11-26,A Man from the Boulevard des Capucines,1987,https://boxd.it/Q2i
2025-11-26,The Red Snowball Tree,1974,https://boxd.it/16a8
2025-11-26,Nostalgia,1983,https://boxd.it/28Qi
2025-11-26,Brother,1997,https://boxd.it/1CA8
2025-11-26,Güeros,2014,https://boxd.it/7xYc
2025-11-26,Macario,1960,https://boxd.it/41Va
2025-11-26,The Pearl,1947,https://boxd.it/Uqo
2025-11-26,El Topo,1970,https://boxd.it/1QYS
2025-11-26,We Are the Nobles,2013,https://boxd.it/5ut2
2025-11-26,If I Had Legs I'd Kick You,2025,https://boxd.it/HUtS
2025-11-27,On the Waterfront,1954,https://boxd.it/29TC
2025-11-27,Diary of a Country Priest,1951,https://boxd.it/UDC
2025-11-27,Silence,2016,https://boxd.it/2cAo
2025-11-27,Husbands,1970,https://boxd.it/zOY
2025-11-27,I Vitelloni,1953,https://boxd.it/1RJE
2025-11-27,My Night at Maud's,1969,https://boxd.it/Hwo
2025-11-28,How to Make a Killing,2026,https://boxd.it/gLi8
2025-11-28,Peaked,,https://boxd.it/SRU4
2025-11-29,Southland Tales,2006,https://boxd.it/23Uu
2025-12-05,Mother Mary,2026,https://boxd.it/FILw
2025-12-05,Ain't Them Bodies Saints,2013,https://boxd.it/4OgA
2025-12-06,Human Resource,2025,https://boxd.it/Omw8
2025-12-07,Claire's Camera,2017,https://boxd.it/fl4i
2025-12-08,Full River Red,2023,https://boxd.it/Elti
2025-12-08,"Spring, Summer, Fall, Winter... and Spring",2003,https://boxd.it/2b6W
2025-12-08,3-Iron,2004,https://boxd.it/28WK
2025-12-09,Close,2022,https://boxd.it/y4qa
2025-12-09,Kennedy,2023,https://boxd.it/G56G
2025-12-11,Jabberwocky,1977,https://boxd.it/1SYK
2025-12-11,Kafka,1991,https://boxd.it/26Zi
2025-12-11,Atlantics,2019,https://boxd.it/hVEK
2025-12-11,Caught by the Tides,2024,https://boxd.it/GZ4Q
2025-12-11,Still Life,2006,https://boxd.it/26Tk
2025-12-11,Mountains May Depart,2015,https://boxd.it/a86U
2025-12-11,Unknown Pleasures,2002,https://boxd.it/2NeY
2025-12-11,Il Mare,2000,https://boxd.it/1RuO
2025-12-11,Regular Lovers,2005,https://boxd.it/QhM
2025-12-11,At Eternity's Gate,2018,https://boxd.it/hI40
2025-12-11,Heartbeats,2010,https://boxd.it/BPu
2025-12-12,It Must Be Heaven,2019,https://boxd.it/jEVe
2025-12-12,GO,2001,https://boxd.it/176c
2025-12-12,Island Etude,2006,https://boxd.it/42L6
2025-12-12,"Help Me, Eros",2007,https://boxd.it/uyG
2025-12-12,Trust,1990,https://boxd.it/18Co
2025-12-12,Dream of Light,1992,https://boxd.it/3isM
2025-12-12,The Days Between,2001,https://boxd.it/Oka
2025-12-12,Kokuho,2025,https://boxd.it/R6yo
2025-12-13,The Lost Daughter,2021,https://boxd.it/kgww
2025-12-13,Kids Return,1996,https://boxd.it/1sfY
2025-12-14,Boys Go to Jupiter,2024,https://boxd.it/KVrO
2025-12-26,Renoir,2025,https://boxd.it/RA8g
2025-12-26,The World of Love,2025,https://boxd.it/Ohfm
2025-12-26,Dead to Rights,2025,https://boxd.it/VMbO
2025-12-26,The Shadow's Edge,2025,https://boxd.it/SxME
2025-12-29,Love the Coopers,2015,https://boxd.it/aZfA
2025-12-31,To the Wonder,2024,https://boxd.it/Noam
2026-01-02,Speak No Evil,2022,https://boxd.it/vqlg
2026-01-02,Day for Night,1973,https://boxd.it/28kG
2026-01-02,Eel,2025,https://boxd.it/MnWM
2026-01-03,100 METERS,2025,https://boxd.it/NpbA
2026-01-05,Sick of Myself,2022,https://boxd.it/tEzs
2026-01-09,Lady Snowblood,1973,https://boxd.it/26Fi
2026-01-15,The Gallerist,2026,https://boxd.it/R6Xe
2026-01-15,Papillon,1973,https://boxd.it/22kK
2026-01-15,Aimless Bullet,1961,https://boxd.it/2skQ
2026-01-15,Son of Saul,2015,https://boxd.it/b6r4
2026-01-19,Serpent's Path,1998,https://boxd.it/3wWc
2026-01-19,Serpent's Path,2024,https://boxd.it/Gd52
2026-01-19,Disclosure Day,2026,https://boxd.it/MDJY
2026-01-23,Bad Lieutenant: Tokyo,,https://boxd.it/UEnq
2026-01-23,Her Private Hell,2026,https://boxd.it/UtHY
2026-01-23,"Good Luck, Have Fun, Don't Die",2025,https://boxd.it/Glua
2026-01-23,Zi,2026,https://boxd.it/Zscq
2026-01-31,The VelociPastor,2017,https://boxd.it/glzW
2026-01-31,Mean Streets,1973,https://boxd.it/2aSU
2026-02-01,"Toh, Ti Ani Fuji",2026,https://boxd.it/ZVLY
2026-02-03,The Blue Light,2003,https://boxd.it/rci
2026-02-03,Ping Pong,2002,https://boxd.it/1vkW
2026-02-03,Flic,2005,https://boxd.it/9POy
2026-02-03,"When Morning Comes, I Feel Empty",2022,https://boxd.it/EA72
2026-02-03,And Your Bird Can Sing,2018,https://boxd.it/lavk
2026-02-03,Sweet Little Lies,2010,https://boxd.it/2Ozy
2026-02-03,The Zen Diary,2022,https://boxd.it/CJB2
2026-02-03,Restaurant from the Sky,2019,https://boxd.it/jyBM
2026-02-03,A Tale of Mari and Three Puppies,2007,https://boxd.it/47uu
2026-02-03,"One Day, You Will Reach the Sea",2022,https://boxd.it/yNVi
2026-02-03,The Days of Morisaki Bookstore,2010,https://boxd.it/dqp2
2026-02-08,The Kings of Summer,2013,https://boxd.it/4V3e
2026-02-09,Hamlet,2025,https://boxd.it/vOFO
2026-02-10,Digger,2026,https://boxd.it/LwDC
2026-02-10,The Super Mario Galaxy Movie,2026,https://boxd.it/KzPa
2026-02-10,Iron Lung,2026,https://boxd.it/GdtI
2026-02-10,Spider-Man: Brand New Day,2026,https://boxd.it/ACJE
2026-02-10,Star Wars: The Mandalorian and Grogu,2026,https://boxd.it/KCpk
2026-02-10,Coyote vs ACME,2026,https://boxd.it/JHdm
2026-02-10,The Dog Stars,2026,https://boxd.it/RfZI
2026-02-10,Minions & Monsters,2026,https://boxd.it/Odry
2026-02-10,Shrek 5,2027,https://boxd.it/eUVu
2026-02-10,Gatto,2027,https://boxd.it/VE9U
2026-02-10,Vāranāsi,2027,https://boxd.it/yGmK
2026-02-10,The Thomas Crown Affair,2027,https://boxd.it/mJNK
2026-02-10,The Beatles: Paul,2028,https://boxd.it/LpR8
2026-02-10,The Beatles: George,2028,https://boxd.it/LpRi
2026-02-10,The Beatles: John,2028,https://boxd.it/LpQY
2026-02-10,The Beatles: Ringo,2028,https://boxd.it/LpRs
2026-02-23,Duvidha,1973,https://boxd.it/3xma
2026-02-23,Aaranya Kaandam,2011,https://boxd.it/3Xc6
2026-02-23,Nazar,1990,https://boxd.it/7ILo
2026-02-24,Boong,2024,https://boxd.it/Oprq
2026-02-24,Fresh,2022,https://boxd.it/tCNi
2026-02-25,What Does That Nature Say to You,2025,https://boxd.it/Swmq
2026-02-26,Tommy,1975,https://boxd.it/1U7S
2026-02-27,This Is Not a Film,2011,https://boxd.it/2W4o
2026-02-27,Offside,2006,https://boxd.it/1QAm
2026-02-27,Alice in the Cities,1974,https://boxd.it/27cG
2026-02-27,Mass,2021,https://boxd.it/eYAA
2026-02-27,Red Rocket,2021,https://boxd.it/sGpi
2026-02-27,The Taste of Things,2023,https://boxd.it/Arke
2026-02-28,Three Incestuous Sisters,,https://boxd.it/11h7S
2026-03-02,Lokah Chapter 2: Michael,,https://boxd.it/XpKq
2026-03-06,Ne Zha 3,,https://boxd.it/TUHO
2026-03-09,All of a Sudden,2026,https://boxd.it/UMOO
2026-03-09,Possible Love,,https://boxd.it/V4WQ
2026-03-09,Jack of Spades,,https://boxd.it/VblC
2026-03-09,The Adventures of Cliff Booth,2026,https://boxd.it/TZdY
2026-03-09,Hope,2026,https://boxd.it/E3vU
2026-03-09,Sheep in the Box,2026,https://boxd.it/XV3y
2026-03-09,Ink,,https://boxd.it/X3MY
2026-03-10,Happy as Lazzaro,2018,https://boxd.it/hiVs
2026-03-10,One Cut of the Dead,2017,https://boxd.it/iAFu
2026-03-10,Crash,1996,https://boxd.it/29n2
2026-03-10,Don't Let Them Shoot the Kite,1989,https://boxd.it/Ff6
2026-03-10,Alphaville,1965,https://boxd.it/20AG
2026-03-10,Millennium Actress,2001,https://boxd.it/1fK0
2026-03-11,The Assault,1986,https://boxd.it/26ne
2026-03-11,The Firemen's Ball,1967,https://boxd.it/15Yc
2026-03-12,Corpo Celeste,2011,https://boxd.it/5a
2026-03-16,Looking for Alaska,2019,https://boxd.it/npHO
2026-03-31,Once We Were Us,2025,https://boxd.it/Md20
2026-04-11,Panic Carefully,2027,https://boxd.it/RL32
2026-04-13,Four Lions,2010,https://boxd.it/18do
2026-04-15,Universal Language,2024,https://boxd.it/BlwA
2026-04-29,Gulaal,2009,https://boxd.it/1BAw
2026-04-29,Black Friday,2004,https://boxd.it/1oUy
2026-04-29,Zindagi Na Milegi Dobara,2011,https://boxd.it/efo
2026-04-29,That Girl in Yellow Boots,2011,https://boxd.it/2Hjo
2026-04-29,Raman Raghav 2.0,2016,https://boxd.it/dL2S
2026-05-07,Malcolm X,1992,https://boxd.it/27WE
2026-05-19,Glass Onion,2022,https://boxd.it/oCkK
2026-05-19,25th Hour,2002,https://boxd.it/28LC
2026-05-19,The Invite,2026,https://boxd.it/zRNY
2026-05-19,Days of Heaven,1978,https://boxd.it/1JRg
2026-05-20,Fjord,2026,https://boxd.it/RVja
2026-05-20,The Apprentice,2024,https://boxd.it/IPqG
2026-05-20,Happy Hour,2015,https://boxd.it/bXge
2026-05-21,Filth,2013,https://boxd.it/32NY
2026-05-24,Coward,2026,https://boxd.it/TcSy
2026-05-24,A Man of His Time,2026,https://boxd.it/OkGA
2026-05-24,Fatherland,2026,https://boxd.it/TbK4
2026-05-24,The Mysterious Gaze of the Flamingo,2025,https://boxd.it/xR4q
2026-05-24,Laurence Anyways,2012,https://boxd.it/3HQu
2026-05-25,Westworld,1973,https://boxd.it/26RS
2026-05-25,Humanist Vampire Seeking Consenting Suicidal Person,2023,https://boxd.it/Blzk
2026-05-25,The Last 10 Years,2022,https://boxd.it/x57m
2026-05-25,Pavane,2026,https://boxd.it/MmUq
2026-05-25,Rosemary's Baby,1968,https://boxd.it/29zM
2026-05-25,Gangs of New York,2002,https://boxd.it/25FG
2026-05-25,Even If This Love Disappears Tonight,2025,https://boxd.it/Uleu
2026-05-27,Tokyo Drifter,1966,https://boxd.it/OTY
2026-05-28,House of Flying Daggers,2004,https://boxd.it/1YoI
2026-05-28,Infernal Affairs,2002,https://boxd.it/1Vqw
2026-05-28,"He Ain't Heavy, He's My Father",1993,https://boxd.it/3VR2
2026-05-28,"Tom, Dick and Hairy",1993,https://boxd.it/6kUk
2026-05-28,Primetime,2026,https://boxd.it/QX5s
2026-05-28,La Bola Negra,2026,https://boxd.it/SDaQ
2026-05-28,Monkey Man,2024,https://boxd.it/kvsO
2026-05-28,Triangle of Sadness,2022,https://boxd.it/hXlq
2026-05-28,Reflection in a Dead Diamond,2025,https://boxd.it/CjmU
2026-05-29,4 Faces of Eve,1996,https://boxd.it/7y1q
2026-05-29,Blue Film,2025,https://boxd.it/ROaq
2026-05-29,Our Land,2025,https://boxd.it/oBW4
2026-05-29,La Haine,1995,https://boxd.it/2as8
2026-05-29,The Killer,1989,https://boxd.it/1Vha
2026-05-29,Tony,2026,https://boxd.it/OJaa
2026-05-29,Look Back,2026,https://boxd.it/ZjRY
2026-05-29,The Samurai and the Prisoner,2026,https://boxd.it/10t6g
2026-05-29,Missing,1982,https://boxd.it/1LTI
2026-05-30,Hard Boiled,1992,https://boxd.it/1T6a
2026-05-30,Lessons of Darkness,1992,https://boxd.it/x7I
2026-05-30,The Eel,1997,https://boxd.it/1Dna
2026-05-30,Roma,1972,https://boxd.it/1UNO
2026-05-30,La Strada,1954,https://boxd.it/2asi
2026-05-30,Zazie dans le Métro,1960,https://boxd.it/26Co
2026-05-30,Hamlet,1948,https://boxd.it/1ziq
2026-05-31,Love Actually,2003,https://boxd.it/2aeU
2026-06-01,A Moment of Romance,1990,https://boxd.it/2PLU
2026-06-02,A Summer's Tale,1996,https://boxd.it/183e
2026-06-03,"Comrades, Almost a Love Story",1996,https://boxd.it/18QU
2026-06-03,Amadeus,1984,https://boxd.it/2aH8
2026-06-04,Marxist Poetry: The Making of The Battle of Algiers,2004,https://boxd.it/4wRI
2026-06-06,Afro Samurai,2007,https://boxd.it/a6W
2026-06-06,The Last Emperor,1987,https://boxd.it/29Ji
2026-06-06,"Rome, Open City",1945,https://boxd.it/2aD6
2026-06-07,The Lego Movie,2014,https://boxd.it/4pDO
2026-06-07,"Aguirre, the Wrath of God",1972,https://boxd.it/27Fe
2026-06-07,Fantastic Planet,1973,https://boxd.it/1KnQ
2026-06-14,Amarcord,1973,https://boxd.it/20NA
2026-06-15,Tatsuki Fujimoto 17-26,2025,https://boxd.it/YcZ0
2026-06-15,Chainsaw Man - Assassins Arc,,https://boxd.it/ZUcS
2026-06-21,JoJo's Bizarre Adventure: Diamond is Unbreakable – Chapter 1,2017,https://boxd.it/fiP6
2026-06-25,The Most Terrible Time in My Life,1994,https://boxd.it/30Ko
2026-06-25,The Stairway to the Distant Past,1995,https://boxd.it/42de
2026-06-25,The Trap,1996,https://boxd.it/42d4
2026-06-25,To Sleep So as to Dream,1986,https://boxd.it/4iYg
2026-06-25,Falcon Lake,2022,https://boxd.it/zHkW
2026-06-25,Capernaum,2018,https://boxd.it/iM3s
